<!-- jEdit buffer-local properties:                      -->
<!-- :indentSize=4:noTabs=false:maxLineLen=72:tabSize=4: -->
<!-- :xml.root=faq.xml:                                  -->

<!-- jEdit FAQ                                           -->
<!-- Copyright (C) 2003 John Gellene, Kris Kopicki       -->
<!-- Copyright (C) 2006 Alan Ezust				         -->

<appendix id="legal-notice"><title>Legal Notice</title>
	<para>
		Permission is granted to copy, distribute and/or modify this document
		under the terms of the <ulink url="http://www.gnu.org/licenses/fdl.html">
		GNU Free Documentation License</ulink>, Version 1.1 or
		any later version published by the Free Software Foundation; with no
		<quote>Invariant Sections</quote>, <quote>Front-Cover Texts</quote> or
		<quote>Back-Cover Texts</quote>, each as defined in the license. A copy
		of the license is contained in the file <filename>COPYING.DOC.txt</filename>
		included with jEdit.
	</para>
</appendix>
