<?xml version="1.0"?>

<!DOCTYPE MODE SYSTEM "xmode.dtd">

<MODE>
	<PROPS>
		<PROPERTY NAME="lineComment" VALUE="#" />
		<PROPERTY NAME="noWordSep" VALUE="-" />
	</PROPS>
	<RULES ESCAPE="\" HIGHLIGHT_DIGITS="FALSE" IGNORE_CASE="TRUE">

		<EOL_SPAN TYPE="COMMENT1">#</EOL_SPAN>

		<SPAN TYPE="LITERAL1" NO_LINE_BREAK="TRUE">
			<BEGIN>"</BEGIN>
			<END>"</END>
		</SPAN>

		<SPAN_REGEXP HASH_CHAR="&lt;" TYPE="MARKUP" DELEGATE="DIRECTIVE">
			<BEGIN><![CDATA[<(\w+)[^>]*>]]></BEGIN>
			<END><![CDATA[</$1>]]></END>
		</SPAN_REGEXP>

		<KEYWORDS>

			<KEYWORD1>AcceptPathInfo</KEYWORD1>
			<KEYWORD1>Action</KEYWORD1>
			<KEYWORD1>AddAlt</KEYWORD1>
			<KEYWORD1>AddAltByEncoding</KEYWORD1>
			<KEYWORD1>AddAltByType</KEYWORD1>
			<KEYWORD1>AddCharset</KEYWORD1>
			<KEYWORD1>AddDefaultCharset</KEYWORD1>
			<KEYWORD1>AddDescription</KEYWORD1>
			<KEYWORD1>AddEncoding</KEYWORD1>
			<KEYWORD1>AddHandler</KEYWORD1>
			<KEYWORD1>AddIcon</KEYWORD1>
			<KEYWORD1>AddIconByEncoding</KEYWORD1>
			<KEYWORD1>AddIconByType</KEYWORD1>
			<KEYWORD1>AddInputFilter</KEYWORD1>
			<KEYWORD1>AddLanguage</KEYWORD1>
			<KEYWORD1>AddOutputFilter</KEYWORD1>
			<KEYWORD1>AddOutputFilterByType</KEYWORD1>
			<KEYWORD1>AddType</KEYWORD1>
			<KEYWORD1>Allow</KEYWORD1>
			<KEYWORD1>Anonymous</KEYWORD1>
			<KEYWORD1>Anonymous_Authoritative</KEYWORD1>
			<KEYWORD1>Anonymous_LogEmail</KEYWORD1>
			<KEYWORD1>Anonymous_MustGiveEmail</KEYWORD1>
			<KEYWORD1>Anonymous_NoUserID</KEYWORD1>
			<KEYWORD1>Anonymous_VerifyEmail</KEYWORD1>
			<KEYWORD1>AuthAuthoritative</KEYWORD1>
			<KEYWORD1>AuthDBMAuthoritative</KEYWORD1>
			<KEYWORD1>AuthDBMGroupFile</KEYWORD1>
			<KEYWORD1>AuthDBMType</KEYWORD1>
			<KEYWORD1>AuthDBMUserFile</KEYWORD1>
			<KEYWORD1>AuthDigestAlgorithm</KEYWORD1>
			<KEYWORD1>AuthDigestDomain</KEYWORD1>
			<KEYWORD1>AuthDigestFile</KEYWORD1>
			<KEYWORD1>AuthDigestGroupFile</KEYWORD1>
			<KEYWORD1>AuthDigestNonceFormat</KEYWORD1>
			<KEYWORD1>AuthDigestNonceLifetime</KEYWORD1>
			<KEYWORD1>AuthDigestQop</KEYWORD1>
			<KEYWORD1>AuthGroupFile</KEYWORD1>
			<KEYWORD1>AuthLDAPAuthoritative</KEYWORD1>
			<KEYWORD1>AuthLDAPBindDN</KEYWORD1>
			<KEYWORD1>AuthLDAPBindPassword</KEYWORD1>
			<KEYWORD1>AuthLDAPCompareDNOnServer</KEYWORD1>
			<KEYWORD1>AuthLDAPDereferenceAliases</KEYWORD1>
			<KEYWORD1>AuthLDAPEnabled</KEYWORD1>
			<KEYWORD1>AuthLDAPFrontPageHack</KEYWORD1>
			<KEYWORD1>AuthLDAPGroupAttribute</KEYWORD1>
			<KEYWORD1>AuthLDAPGroupAttributeIsDN</KEYWORD1>
			<KEYWORD1>AuthLDAPRemoteUserIsDN</KEYWORD1>
			<KEYWORD1>AuthLDAPUrl</KEYWORD1>
			<KEYWORD1>AuthName</KEYWORD1>
			<KEYWORD1>AuthType</KEYWORD1>
			<KEYWORD1>AuthUserFile</KEYWORD1>
			<KEYWORD1>BrowserMatch</KEYWORD1>
			<KEYWORD1>BrowserMatchNoCase</KEYWORD1>
			<KEYWORD1>CGIMapExtension</KEYWORD1>
			<KEYWORD1>CharsetDefault</KEYWORD1>
			<KEYWORD1>CharsetOptions</KEYWORD1>
			<KEYWORD1>CharsetSourceEnc</KEYWORD1>
			<KEYWORD1>CheckSpelling</KEYWORD1>
			<KEYWORD1>ContentDigest</KEYWORD1>
			<KEYWORD1>CookieDomain</KEYWORD1>
			<KEYWORD1>CookieExpires</KEYWORD1>
			<KEYWORD1>CookieName</KEYWORD1>
			<KEYWORD1>CookieStyle</KEYWORD1>
			<KEYWORD1>CookieTracking</KEYWORD1>
			<KEYWORD1>DefaultIcon</KEYWORD1>
			<KEYWORD1>DefaultLanguage</KEYWORD1>
			<KEYWORD1>DefaultType</KEYWORD1>
			<KEYWORD1>Deny</KEYWORD1>
			<KEYWORD1>DirectoryIndex</KEYWORD1>
			<KEYWORD1>DirectorySlash</KEYWORD1>
			<KEYWORD1>EnableMMAP</KEYWORD1>
			<KEYWORD1>EnableSendfile</KEYWORD1>
			<KEYWORD1>ErrorDocument</KEYWORD1>
			<KEYWORD1>Example</KEYWORD1>
			<KEYWORD1>ExpiresActive</KEYWORD1>
			<KEYWORD1>ExpiresByType</KEYWORD1>
			<KEYWORD1>ExpiresDefault</KEYWORD1>
			<KEYWORD1>FileETag</KEYWORD1>
			<KEYWORD1>ForceLanguagePriority</KEYWORD1>
			<KEYWORD1>ForceType</KEYWORD1>
			<KEYWORD1>Header</KEYWORD1>
			<KEYWORD1>HeaderName</KEYWORD1>
			<KEYWORD1>ImapBase</KEYWORD1>
			<KEYWORD1>ImapDefault</KEYWORD1>
			<KEYWORD1>ImapMenu</KEYWORD1>
			<KEYWORD1>IndexIgnore</KEYWORD1>
			<KEYWORD1>IndexOptions</KEYWORD1>
			<KEYWORD1>IndexOrderDefault</KEYWORD1>
			<KEYWORD1>ISAPIAppendLogToErrors</KEYWORD1>
			<KEYWORD1>ISAPIAppendLogToQuery</KEYWORD1>
			<KEYWORD1>ISAPIFakeAsync</KEYWORD1>
			<KEYWORD1>ISAPILogNotSupported</KEYWORD1>
			<KEYWORD1>ISAPIReadAheadBuffer</KEYWORD1>
			<KEYWORD1>LanguagePriority</KEYWORD1>
			<KEYWORD1>LimitRequestBody</KEYWORD1>
			<KEYWORD1>LimitXMLRequestBody</KEYWORD1>
			<KEYWORD1>MetaDir</KEYWORD1>
			<KEYWORD1>MetaFiles</KEYWORD1>
			<KEYWORD1>MetaSuffix</KEYWORD1>
			<KEYWORD1>MultiviewsMatch</KEYWORD1>
			<KEYWORD1>Options</KEYWORD1>
			<KEYWORD1>Order</KEYWORD1>
			<KEYWORD1>PassEnv</KEYWORD1>
			<KEYWORD1>ReadmeName</KEYWORD1>
			<KEYWORD1>Redirect</KEYWORD1>
			<KEYWORD1>RedirectMatch</KEYWORD1>
			<KEYWORD1>RedirectPermanent</KEYWORD1>
			<KEYWORD1>RedirectTemp</KEYWORD1>
			<KEYWORD1>RemoveCharset</KEYWORD1>
			<KEYWORD1>RemoveEncoding</KEYWORD1>
			<KEYWORD1>RemoveHandler</KEYWORD1>
			<KEYWORD1>RemoveInputFilter</KEYWORD1>
			<KEYWORD1>RemoveLanguage</KEYWORD1>
			<KEYWORD1>RemoveOutputFilter</KEYWORD1>
			<KEYWORD1>RemoveType</KEYWORD1>
			<KEYWORD1>RequestHeader</KEYWORD1>
			<KEYWORD1>Require</KEYWORD1>
			<KEYWORD1>RewriteBase</KEYWORD1>
			<KEYWORD1>RewriteCond</KEYWORD1>
			<KEYWORD1>RewriteEngine</KEYWORD1>
			<KEYWORD1>RewriteOptions</KEYWORD1>
			<KEYWORD1>RewriteRule</KEYWORD1>
			<KEYWORD1>RLimitCPU</KEYWORD1>
			<KEYWORD1>RLimitMEM</KEYWORD1>
			<KEYWORD1>RLimitNPROC</KEYWORD1>
			<KEYWORD1>Satisfy</KEYWORD1>
			<KEYWORD1>ScriptInterpreterSource</KEYWORD1>
			<KEYWORD1>ServerSignature</KEYWORD1>
			<KEYWORD1>SetEnv</KEYWORD1>
			<KEYWORD1>SetEnvIf</KEYWORD1>
			<KEYWORD1>SetEnvIfNoCase</KEYWORD1>
			<KEYWORD1>SetHandler</KEYWORD1>
			<KEYWORD1>SetInputFilter</KEYWORD1>
			<KEYWORD1>SetOutputFilter</KEYWORD1>
			<KEYWORD1>SSIErrorMsg</KEYWORD1>
			<KEYWORD1>SSITimeFormat</KEYWORD1>
			<KEYWORD1>SSLCipherSuite</KEYWORD1>
			<KEYWORD1>SSLOptions</KEYWORD1>
			<KEYWORD1>SSLProxyCipherSuite</KEYWORD1>
			<KEYWORD1>SSLProxyVerify</KEYWORD1>
			<KEYWORD1>SSLProxyVerifyDepth</KEYWORD1>
			<KEYWORD1>SSLRequire</KEYWORD1>
			<KEYWORD1>SSLRequireSSL</KEYWORD1>
			<KEYWORD1>SSLUserName</KEYWORD1>
			<KEYWORD1>SSLVerifyClient</KEYWORD1>
			<KEYWORD1>SSLVerifyDepth</KEYWORD1>
			<KEYWORD1>UnsetEnv</KEYWORD1>
			<KEYWORD1>XBitHack</KEYWORD1>

			<LITERAL3>Basic</LITERAL3>
			<LITERAL3>Digest</LITERAL3>
			<LITERAL3>None</LITERAL3>
			<LITERAL3>Off</LITERAL3>
			<LITERAL3>On</LITERAL3>
		</KEYWORDS>

	</RULES>

	<RULES SET="DIRECTIVE" DEFAULT="NULL" ESCAPE="\" IGNORE_CASE="TRUE">

		<EOL_SPAN TYPE="COMMENT2">#</EOL_SPAN>

		<SPAN TYPE="LITERAL1" NO_LINE_BREAK="TRUE">
			<BEGIN>"</BEGIN>
			<END>"</END>
		</SPAN>

		<SPAN_REGEXP HASH_CHAR="&lt;" TYPE="MARKUP" DELEGATE="DIRECTIVE">
			<BEGIN><![CDATA[<(\w+)[^>]*>]]></BEGIN>
			<END><![CDATA[</$1>]]></END>
		</SPAN_REGEXP>

		<KEYWORDS>

			<KEYWORD2>AcceptMutex</KEYWORD2>
			<KEYWORD2>AcceptPathInfo</KEYWORD2>
			<KEYWORD2>AccessFileName</KEYWORD2>
			<KEYWORD2>Action</KEYWORD2>
			<KEYWORD2>AddAlt</KEYWORD2>
			<KEYWORD2>AddAltByEncoding</KEYWORD2>
			<KEYWORD2>AddAltByType</KEYWORD2>
			<KEYWORD2>AddCharset</KEYWORD2>
			<KEYWORD2>AddDefaultCharset</KEYWORD2>
			<KEYWORD2>AddDescription</KEYWORD2>
			<KEYWORD2>AddEncoding</KEYWORD2>
			<KEYWORD2>AddHandler</KEYWORD2>
			<KEYWORD2>AddIcon</KEYWORD2>
			<KEYWORD2>AddIconByEncoding</KEYWORD2>
			<KEYWORD2>AddIconByType</KEYWORD2>
			<KEYWORD2>AddInputFilter</KEYWORD2>
			<KEYWORD2>AddLanguage</KEYWORD2>
			<KEYWORD2>AddModuleInfo</KEYWORD2>
			<KEYWORD2>AddOutputFilter</KEYWORD2>
			<KEYWORD2>AddOutputFilterByType</KEYWORD2>
			<KEYWORD2>AddType</KEYWORD2>
			<KEYWORD2>Alias</KEYWORD2>
			<KEYWORD2>AliasMatch</KEYWORD2>
			<KEYWORD2>Allow</KEYWORD2>
			<KEYWORD2>AllowCONNECT</KEYWORD2>
			<KEYWORD2>AllowEncodedSlashes</KEYWORD2>
			<KEYWORD2>AllowOverride</KEYWORD2>
			<KEYWORD2>Anonymous</KEYWORD2>
			<KEYWORD2>Anonymous_Authoritative</KEYWORD2>
			<KEYWORD2>Anonymous_LogEmail</KEYWORD2>
			<KEYWORD2>Anonymous_MustGiveEmail</KEYWORD2>
			<KEYWORD2>Anonymous_NoUserID</KEYWORD2>
			<KEYWORD2>Anonymous_VerifyEmail</KEYWORD2>
			<KEYWORD2>AuthAuthoritative</KEYWORD2>
			<KEYWORD2>AuthDBMAuthoritative</KEYWORD2>
			<KEYWORD2>AuthDBMGroupFile</KEYWORD2>
			<KEYWORD2>AuthDBMType</KEYWORD2>
			<KEYWORD2>AuthDBMUserFile</KEYWORD2>
			<KEYWORD2>AuthDigestAlgorithm</KEYWORD2>
			<KEYWORD2>AuthDigestDomain</KEYWORD2>
			<KEYWORD2>AuthDigestFile</KEYWORD2>
			<KEYWORD2>AuthDigestGroupFile</KEYWORD2>
			<KEYWORD2>AuthDigestNcCheck</KEYWORD2>
			<KEYWORD2>AuthDigestNonceFormat</KEYWORD2>
			<KEYWORD2>AuthDigestNonceLifetime</KEYWORD2>
			<KEYWORD2>AuthDigestQop</KEYWORD2>
			<KEYWORD2>AuthDigestShmemSize</KEYWORD2>
			<KEYWORD2>AuthGroupFile</KEYWORD2>
			<KEYWORD2>AuthLDAPAuthoritative</KEYWORD2>
			<KEYWORD2>AuthLDAPBindDN</KEYWORD2>
			<KEYWORD2>AuthLDAPBindPassword</KEYWORD2>
			<KEYWORD2>AuthLDAPCharsetConfig</KEYWORD2>
			<KEYWORD2>AuthLDAPCompareDNOnServer</KEYWORD2>
			<KEYWORD2>AuthLDAPDereferenceAliases</KEYWORD2>
			<KEYWORD2>AuthLDAPEnabled</KEYWORD2>
			<KEYWORD2>AuthLDAPFrontPageHack</KEYWORD2>
			<KEYWORD2>AuthLDAPGroupAttribute</KEYWORD2>
			<KEYWORD2>AuthLDAPGroupAttributeIsDN</KEYWORD2>
			<KEYWORD2>AuthLDAPRemoteUserIsDN</KEYWORD2>
			<KEYWORD2>AuthLDAPUrl</KEYWORD2>
			<KEYWORD2>AuthName</KEYWORD2>
			<KEYWORD2>AuthType</KEYWORD2>
			<KEYWORD2>AuthUserFile</KEYWORD2>
			<KEYWORD2>BS2000Account</KEYWORD2>
			<KEYWORD2>BrowserMatch</KEYWORD2>
			<KEYWORD2>BrowserMatchNoCase</KEYWORD2>
			<KEYWORD2>CGIMapExtension</KEYWORD2>
			<KEYWORD2>CacheDefaultExpire</KEYWORD2>
			<KEYWORD2>CacheDirLength</KEYWORD2>
			<KEYWORD2>CacheDirLevels</KEYWORD2>
			<KEYWORD2>CacheDisable</KEYWORD2>
			<KEYWORD2>CacheEnable</KEYWORD2>
			<KEYWORD2>CacheExpiryCheck</KEYWORD2>
			<KEYWORD2>CacheFile</KEYWORD2>
			<KEYWORD2>CacheForceCompletion</KEYWORD2>
			<KEYWORD2>CacheGcClean</KEYWORD2>
			<KEYWORD2>CacheGcDaily</KEYWORD2>
			<KEYWORD2>CacheGcInterval</KEYWORD2>
			<KEYWORD2>CacheGcMemUsage</KEYWORD2>
			<KEYWORD2>CacheGcUnused</KEYWORD2>
			<KEYWORD2>CacheIgnoreCacheControl</KEYWORD2>
			<KEYWORD2>CacheIgnoreNoLastMod</KEYWORD2>
			<KEYWORD2>CacheLastModifiedFactor</KEYWORD2>
			<KEYWORD2>CacheMaxExpire</KEYWORD2>
			<KEYWORD2>CacheMaxFileSize</KEYWORD2>
			<KEYWORD2>CacheMinFileSize</KEYWORD2>
			<KEYWORD2>CacheNegotiatedDocs</KEYWORD2>
			<KEYWORD2>CacheRoot</KEYWORD2>
			<KEYWORD2>CacheSize</KEYWORD2>
			<KEYWORD2>CacheTimeMargin</KEYWORD2>
			<KEYWORD2>CharsetDefault</KEYWORD2>
			<KEYWORD2>CharsetOptions</KEYWORD2>
			<KEYWORD2>CharsetSourceEnc</KEYWORD2>
			<KEYWORD2>CheckSpelling</KEYWORD2>
			<KEYWORD2>ChildPerUserID</KEYWORD2>
			<KEYWORD2>ContentDigest</KEYWORD2>
			<KEYWORD2>CookieDomain</KEYWORD2>
			<KEYWORD2>CookieExpires</KEYWORD2>
			<KEYWORD2>CookieLog</KEYWORD2>
			<KEYWORD2>CookieName</KEYWORD2>
			<KEYWORD2>CookieStyle</KEYWORD2>
			<KEYWORD2>CookieTracking</KEYWORD2>
			<KEYWORD2>CoreDumpDirectory</KEYWORD2>
			<KEYWORD2>CustomLog</KEYWORD2>
			<KEYWORD2>Dav</KEYWORD2>
			<KEYWORD2>DavDepthInfinity</KEYWORD2>
			<KEYWORD2>DavLockDB</KEYWORD2>
			<KEYWORD2>DavMinTimeout</KEYWORD2>
			<KEYWORD2>DefaultIcon</KEYWORD2>
			<KEYWORD2>DefaultLanguage</KEYWORD2>
			<KEYWORD2>DefaultType</KEYWORD2>
			<KEYWORD2>DeflateBufferSize</KEYWORD2>
			<KEYWORD2>DeflateCompressionLevel</KEYWORD2>
			<KEYWORD2>DeflateFilterNote</KEYWORD2>
			<KEYWORD2>DeflateMemLevel</KEYWORD2>
			<KEYWORD2>DeflateWindowSize</KEYWORD2>
			<KEYWORD2>Deny</KEYWORD2>
			<KEYWORD2>DirectoryIndex</KEYWORD2>
			<KEYWORD1>DirectorySlash</KEYWORD1>
			<KEYWORD2>DocumentRoot</KEYWORD2>
			<KEYWORD2>EnableMMAP</KEYWORD2>
			<KEYWORD2>EnableSendfile</KEYWORD2>
			<KEYWORD2>ErrorDocument</KEYWORD2>
			<KEYWORD2>ErrorLog</KEYWORD2>
			<KEYWORD2>Example</KEYWORD2>
			<KEYWORD2>ExpiresActive</KEYWORD2>
			<KEYWORD2>ExpiresByType</KEYWORD2>
			<KEYWORD2>ExpiresDefault</KEYWORD2>
			<KEYWORD2>ExtFilterDefine</KEYWORD2>
			<KEYWORD2>ExtFilterOptions</KEYWORD2>
			<KEYWORD2>ExtendedStatus</KEYWORD2>
			<KEYWORD2>FileETag</KEYWORD2>
			<KEYWORD2>ForceLanguagePriority</KEYWORD2>
			<KEYWORD2>ForceType</KEYWORD2>
			<KEYWORD2>Group</KEYWORD2>
			<KEYWORD2>Header</KEYWORD2>
			<KEYWORD2>HeaderName</KEYWORD2>
			<KEYWORD2>HostnameLookups</KEYWORD2>
			<KEYWORD2>ISAPIAppendLogToErrors</KEYWORD2>
			<KEYWORD2>ISAPIAppendLogToQuery</KEYWORD2>
			<KEYWORD2>ISAPICacheFile</KEYWORD2>
			<KEYWORD2>ISAPIFakeAsync</KEYWORD2>
			<KEYWORD2>ISAPILogNotSupported</KEYWORD2>
			<KEYWORD2>ISAPIReadAheadBuffer</KEYWORD2>
			<KEYWORD2>IdentityCheck</KEYWORD2>
			<KEYWORD2>ImapBase</KEYWORD2>
			<KEYWORD2>ImapDefault</KEYWORD2>
			<KEYWORD2>ImapMenu</KEYWORD2>
			<KEYWORD2>Include</KEYWORD2>
			<KEYWORD2>IndexIgnore</KEYWORD2>
			<KEYWORD2>IndexOptions</KEYWORD2>
			<KEYWORD2>IndexOrderDefault</KEYWORD2>
			<KEYWORD2>KeepAlive</KEYWORD2>
			<KEYWORD2>KeepAliveTimeout</KEYWORD2>
			<KEYWORD2>LDAPCacheEntries</KEYWORD2>
			<KEYWORD2>LDAPCacheTTL</KEYWORD2>
			<KEYWORD2>LDAPOpCacheEntries</KEYWORD2>
			<KEYWORD2>LDAPOpCacheTTL</KEYWORD2>
			<KEYWORD2>LDAPSharedCacheSize</KEYWORD2>
			<KEYWORD2>LDAPTrustedCA</KEYWORD2>
			<KEYWORD2>LDAPTrustedCAType</KEYWORD2>
			<KEYWORD2>LanguagePriority</KEYWORD2>
			<KEYWORD2>LimitInternalRecursion</KEYWORD2>
			<KEYWORD2>LimitRequestBody</KEYWORD2>
			<KEYWORD2>LimitRequestFields</KEYWORD2>
			<KEYWORD2>LimitRequestFieldsize</KEYWORD2>
			<KEYWORD2>LimitRequestLine</KEYWORD2>
			<KEYWORD2>LimitXMLRequestBody</KEYWORD2>
			<KEYWORD2>Listen</KEYWORD2>
			<KEYWORD2>ListenBacklog</KEYWORD2>
			<KEYWORD2>LoadFile</KEYWORD2>
			<KEYWORD2>LoadModule</KEYWORD2>
			<KEYWORD2>LockFile</KEYWORD2>
			<KEYWORD2>LogFormat</KEYWORD2>
			<KEYWORD2>LogLevel</KEYWORD2>
			<KEYWORD2>MCacheMaxObjectCount</KEYWORD2>
			<KEYWORD2>MCacheMaxObjectSize</KEYWORD2>
			<KEYWORD2>MCacheMaxStreamingBuffer</KEYWORD2>
			<KEYWORD2>MCacheMinObjectSize</KEYWORD2>
			<KEYWORD2>MCacheRemovalAlgorithm</KEYWORD2>
			<KEYWORD2>MCacheSize</KEYWORD2>
			<KEYWORD2>MMapFile</KEYWORD2>
			<KEYWORD2>MaxClients</KEYWORD2>
			<KEYWORD2>MaxKeepAliveRequests</KEYWORD2>
			<KEYWORD2>MaxMemFree</KEYWORD2>
			<KEYWORD2>MaxRequestsPerChild</KEYWORD2>
			<KEYWORD2>MaxRequestsPerThread</KEYWORD2>
			<KEYWORD2>MaxSpareServers</KEYWORD2>
			<KEYWORD2>MaxSpareThreads</KEYWORD2>
			<KEYWORD2>MaxThreads</KEYWORD2>
			<KEYWORD2>MaxThreadsPerChild</KEYWORD2>
			<KEYWORD2>MetaDir</KEYWORD2>
			<KEYWORD2>MetaFiles</KEYWORD2>
			<KEYWORD2>MetaSuffix</KEYWORD2>
			<KEYWORD2>MimeMagicFile</KEYWORD2>
			<KEYWORD2>MinSpareServers</KEYWORD2>
			<KEYWORD2>MinSpareThreads</KEYWORD2>
			<KEYWORD2>ModMimeUsePathInfo</KEYWORD2>
			<KEYWORD2>MultiviewsMatch</KEYWORD2>
			<KEYWORD2>NWSSLTrustedCerts</KEYWORD2>
			<KEYWORD2>NameVirtualHost</KEYWORD2>
			<KEYWORD2>NoProxy</KEYWORD2>
			<KEYWORD2>NumServers</KEYWORD2>
			<KEYWORD2>Options</KEYWORD2>
			<KEYWORD2>Order</KEYWORD2>
			<KEYWORD2>PassEnv</KEYWORD2>
			<KEYWORD2>PidFile</KEYWORD2>
			<KEYWORD2>ProtocolEcho</KEYWORD2>
			<KEYWORD2>ProxyBadHeader</KEYWORD2>
			<KEYWORD2>ProxyBlock</KEYWORD2>
			<KEYWORD2>ProxyDomain</KEYWORD2>
			<KEYWORD2>ProxyErrorOverride</KEYWORD2>
			<KEYWORD2>ProxyIOBufferSize</KEYWORD2>
			<KEYWORD2>ProxyMaxForwards</KEYWORD2>
			<KEYWORD2>ProxyPass</KEYWORD2>
			<KEYWORD2>ProxyPassReverse</KEYWORD2>
			<KEYWORD2>ProxyPreserveHost</KEYWORD2>
			<KEYWORD2>ProxyReceiveBufferSize</KEYWORD2>
			<KEYWORD2>ProxyRemote</KEYWORD2>
			<KEYWORD2>ProxyRemoteMatch</KEYWORD2>
			<KEYWORD2>ProxyRequests</KEYWORD2>
			<KEYWORD2>ProxyTimeout</KEYWORD2>
			<KEYWORD2>ProxyVia</KEYWORD2>
			<KEYWORD2>RLimitCPU</KEYWORD2>
			<KEYWORD2>RLimitMEM</KEYWORD2>
			<KEYWORD2>RLimitNPROC</KEYWORD2>
			<KEYWORD2>ReadmeName</KEYWORD2>
			<KEYWORD2>Redirect</KEYWORD2>
			<KEYWORD2>RedirectMatch</KEYWORD2>
			<KEYWORD2>RedirectPermanent</KEYWORD2>
			<KEYWORD2>RedirectTemp</KEYWORD2>
			<KEYWORD2>RemoveCharset</KEYWORD2>
			<KEYWORD2>RemoveEncoding</KEYWORD2>
			<KEYWORD2>RemoveHandler</KEYWORD2>
			<KEYWORD2>RemoveInputFilter</KEYWORD2>
			<KEYWORD2>RemoveLanguage</KEYWORD2>
			<KEYWORD2>RemoveOutputFilter</KEYWORD2>
			<KEYWORD2>RemoveType</KEYWORD2>
			<KEYWORD2>RequestHeader</KEYWORD2>
			<KEYWORD2>Require</KEYWORD2>
			<KEYWORD2>RewriteBase</KEYWORD2>
			<KEYWORD2>RewriteCond</KEYWORD2>
			<KEYWORD2>RewriteEngine</KEYWORD2>
			<KEYWORD2>RewriteLock</KEYWORD2>
			<KEYWORD2>RewriteLog</KEYWORD2>
			<KEYWORD2>RewriteLogLevel</KEYWORD2>
			<KEYWORD2>RewriteMap</KEYWORD2>
			<KEYWORD2>RewriteOptions</KEYWORD2>
			<KEYWORD2>RewriteRule</KEYWORD2>
			<KEYWORD2>SSIEndTag</KEYWORD2>
			<KEYWORD2>SSIErrorMsg</KEYWORD2>
			<KEYWORD2>SSIStartTag</KEYWORD2>
			<KEYWORD2>SSITimeFormat</KEYWORD2>
			<KEYWORD2>SSIUndefinedEcho</KEYWORD2>
			<KEYWORD2>SSLCACertificateFile</KEYWORD2>
			<KEYWORD2>SSLCACertificatePath</KEYWORD2>
			<KEYWORD2>SSLCARevocationFile</KEYWORD2>
			<KEYWORD2>SSLCARevocationPath</KEYWORD2>
			<KEYWORD2>SSLCertificateChainFile</KEYWORD2>
			<KEYWORD2>SSLCertificateFile</KEYWORD2>
			<KEYWORD2>SSLCertificateKeyFile</KEYWORD2>
			<KEYWORD2>SSLCipherSuite</KEYWORD2>
			<KEYWORD2>SSLEngine</KEYWORD2>
			<KEYWORD2>SSLMutex</KEYWORD2>
			<KEYWORD2>SSLOptions</KEYWORD2>
			<KEYWORD2>SSLPassPhraseDialog</KEYWORD2>
			<KEYWORD2>SSLProtocol</KEYWORD2>
			<KEYWORD2>SSLProxyCACertificateFile</KEYWORD2>
			<KEYWORD2>SSLProxyCACertificatePath</KEYWORD2>
			<KEYWORD2>SSLProxyCARevocationFile</KEYWORD2>
			<KEYWORD2>SSLProxyCARevocationPath</KEYWORD2>
			<KEYWORD2>SSLProxyCipherSuite</KEYWORD2>
			<KEYWORD2>SSLProxyEngine</KEYWORD2>
			<KEYWORD2>SSLProxyMachineCertificateFile</KEYWORD2>
			<KEYWORD2>SSLProxyMachineCertificatePath</KEYWORD2>
			<KEYWORD2>SSLProxyProtocol</KEYWORD2>
			<KEYWORD2>SSLProxyVerify</KEYWORD2>
			<KEYWORD2>SSLProxyVerifyDepth</KEYWORD2>
			<KEYWORD2>SSLRandomSeed</KEYWORD2>
			<KEYWORD2>SSLRequire</KEYWORD2>
			<KEYWORD2>SSLRequireSSL</KEYWORD2>
			<KEYWORD2>SSLSessionCache</KEYWORD2>
			<KEYWORD2>SSLSessionCacheTimeout</KEYWORD2>
			<KEYWORD2>SSLVerifyClient</KEYWORD2>
			<KEYWORD2>SSLVerifyDepth</KEYWORD2>
			<KEYWORD2>Satisfy</KEYWORD2>
			<KEYWORD2>ScoreBoardFile</KEYWORD2>
			<KEYWORD2>Script</KEYWORD2>
			<KEYWORD2>ScriptAlias</KEYWORD2>
			<KEYWORD2>ScriptAliasMatch</KEYWORD2>
			<KEYWORD2>ScriptInterpreterSource</KEYWORD2>
			<KEYWORD2>ScriptLog</KEYWORD2>
			<KEYWORD2>ScriptLogBuffer</KEYWORD2>
			<KEYWORD2>ScriptLogLength</KEYWORD2>
			<KEYWORD2>ScriptSock</KEYWORD2>
			<KEYWORD2>SecureListen</KEYWORD2>
			<KEYWORD2>SendBufferSize</KEYWORD2>
			<KEYWORD2>ServerAdmin</KEYWORD2>
			<KEYWORD2>ServerLimit</KEYWORD2>
			<KEYWORD2>ServerName</KEYWORD2>
			<KEYWORD2>ServerRoot</KEYWORD2>
			<KEYWORD2>ServerSignature</KEYWORD2>
			<KEYWORD2>ServerTokens</KEYWORD2>
			<KEYWORD2>SetEnv</KEYWORD2>
			<KEYWORD2>SetEnvIf</KEYWORD2>
			<KEYWORD2>SetEnvIfNoCase</KEYWORD2>
			<KEYWORD2>SetHandler</KEYWORD2>
			<KEYWORD2>SetInputFilter</KEYWORD2>
			<KEYWORD2>SetOutputFilter</KEYWORD2>
			<KEYWORD2>StartServers</KEYWORD2>
			<KEYWORD2>StartThreads</KEYWORD2>
			<KEYWORD2>SuexecUserGroup</KEYWORD2>
			<KEYWORD2>ThreadLimit</KEYWORD2>
			<KEYWORD2>ThreadStackSize</KEYWORD2>
			<KEYWORD2>ThreadsPerChild</KEYWORD2>
			<KEYWORD2>TimeOut</KEYWORD2>
			<KEYWORD2>TransferLog</KEYWORD2>
			<KEYWORD2>TypesConfig</KEYWORD2>
			<KEYWORD2>UnsetEnv</KEYWORD2>
			<KEYWORD2>UseCanonicalName</KEYWORD2>
			<KEYWORD2>User</KEYWORD2>
			<KEYWORD2>UserDir</KEYWORD2>
			<KEYWORD2>VirtualDocumentRoot</KEYWORD2>
			<KEYWORD2>VirtualDocumentRootIP</KEYWORD2>
			<KEYWORD2>VirtualScriptAlias</KEYWORD2>
			<KEYWORD2>VirtualScriptAliasIP</KEYWORD2>
			<KEYWORD2>XBitHack</KEYWORD2>

			<!-- Apache 1.x -->
			<!-- using 4 for apache 1.x vs 2.x -->
			<KEYWORD4>AddModule</KEYWORD4>
			<KEYWORD4>ClearModuleList</KEYWORD4>

			<!-- Subversion directives -->
			<KEYWORD3>SVNPath</KEYWORD3>
			<KEYWORD3>SVNParentPath</KEYWORD3>
			<KEYWORD3>SVNIndexXSLT</KEYWORD3>

			<!-- mod_python directives -->
			<KEYWORD3>PythonHandler</KEYWORD3>
			<KEYWORD3>PythonDebug</KEYWORD3>

			<!-- mod_php -->
			<KEYWORD3>php_value</KEYWORD3>
			<!-- using 4 for apache 1.x vs 2.x -->
			<KEYWORD4>php_flag</KEYWORD4>

			<LITERAL2>All</LITERAL2>
			<LITERAL2>ExecCGI</LITERAL2>
			<LITERAL2>FollowSymLinks</LITERAL2>
			<LITERAL2>Includes</LITERAL2>
			<LITERAL2>IncludesNOEXEC</LITERAL2>
			<LITERAL2>Indexes</LITERAL2>
			<LITERAL2>MultiViews</LITERAL2>
			<LITERAL2>None</LITERAL2>
			<LITERAL2>Off</LITERAL2>
			<LITERAL2>On</LITERAL2>
			<LITERAL2>SymLinksIfOwnerMatch</LITERAL2>
			<LITERAL2>from</LITERAL2>
		</KEYWORDS>
	</RULES>

</MODE>
