<?xml version="1.0"?>
<!DOCTYPE MODE SYSTEM "xmode.dtd">
<!--  jEdit LaTeX mode, by Thomas Alspaugh alspaugh@ics.uci.edu  -->
<!--  v1.2  2004May30  -->
<!--  Based upon BibTeX mode by Nils Krahnstoever and tex mode by unknown author.
      Generated automatically from a summary of Lamport 
      "LaTeX : A document preparation system : User guide and reference manual",
      1994 (LaTeX2e) edition, using a Perl script. 
  -->
<!--  Catalog entry (suggested)
<MODE NAME="LaTeX"		FILE="latex.xml"
				FILE_NAME_GLOB="*.{tex,ltx,latex}" />
      -->
<!--  latex.xml is generated automatically from a summary of Lamport 
      "LaTeX : A document preparation system : User guide and reference manual",
      1994 (LaTeX2e) edition, using a collection of editing scripts.
  -->
<!--  Version history
      v1.1  2004Mar23
      v1.2  2004Jun09
        Single-character accents such as \" accept arguments not in {}.
        Changed to be produced using a single Perl script.
  -->
<!--
      COMMENT1  % comments.
      INVALID   characters or strings that are not valid in the context.
      KEYWORD1  commands or declarations with arguments
      KEYWORD2  commands or declarations without arguments
      KEYWORD3  counters
      KEYWORD4  unrecognized commands or declarations
      MARKUP    environments (other than those that change rulesets)
  -->
<!--  Not as it should be:
      - Highlighting does not account for balancing of braces {};  the next } 
        closes a command.
      - \ensuremath{} should balance braces but does not (the first } closes it).
      - #1, #2, ... are only valid in \newcommand{} but are not limited to there.
      - Commands inside ``'' and `' quoted strings should be highlighted.
  -->
  
<MODE>
  <PROPS>
    <PROPERTY NAME="lineComment" VALUE="%" />
    <PROPERTY NAME="noWordSep" VALUE="\"/>
  </PROPS>

  <RULES IGNORE_CASE="FALSE"> <!-- SET="NormalMode" -->
    <SEQ TYPE="LABEL">__NormalMode__</SEQ>

    <!--  % comments.  -->
    <EOL_SPAN TYPE="COMMENT1">%</EOL_SPAN>

    <!--  "", `', and ``'' quoting.  -->
    <SPAN NO_LINE_BREAK="FALSE" TYPE="LITERAL4"><BEGIN>``</BEGIN><END>''</END></SPAN>
    <SPAN NO_LINE_BREAK="FALSE" TYPE="LITERAL3"><BEGIN>`</BEGIN><END>'</END></SPAN>
    <SPAN NO_LINE_BREAK="FALSE" TYPE="LITERAL1"><BEGIN>"</BEGIN><END>"</END></SPAN>
    <!--  Lone quote characters " and ` are not valid.  -->
    <SEQ TYPE="INVALID">"</SEQ>
    <SEQ TYPE="INVALID">`</SEQ>

    <!--  # is only valid as #n inside command definitions.  -->
    <SEQ TYPE="FUNCTION">#1</SEQ>
    <SEQ TYPE="FUNCTION">#2</SEQ>
    <SEQ TYPE="FUNCTION">#3</SEQ>
    <SEQ TYPE="FUNCTION">#4</SEQ>
    <SEQ TYPE="FUNCTION">#5</SEQ>
    <SEQ TYPE="FUNCTION">#6</SEQ>
    <SEQ TYPE="FUNCTION">#7</SEQ>
    <SEQ TYPE="FUNCTION">#8</SEQ>
    <SEQ TYPE="FUNCTION">#9</SEQ>

    <!-- \begin{verbatim} ... \end{verbatim} -->
    <SPAN TYPE="KEYWORD1" DELEGATE="VERBATIM">
        <BEGIN>\begin{verbatim}</BEGIN>
        <END>\end{verbatim}</END>
    </SPAN>

    <SEQ TYPE="INVALID">\tabs</SEQ>
    <SEQ TYPE="INVALID">\tabset</SEQ>
    <SEQ TYPE="INVALID">\tabsdone</SEQ>
    <SEQ TYPE="INVALID">\cleartabs</SEQ>
    <SEQ TYPE="INVALID">\settabs</SEQ>
    <SEQ TYPE="INVALID">\tabalign</SEQ>
    <SEQ TYPE="INVALID">\+</SEQ>
    <SEQ TYPE="INVALID">\pageno</SEQ>
    <SEQ TYPE="INVALID">\headline</SEQ>
    <SEQ TYPE="INVALID">\footline</SEQ>
    <SEQ TYPE="INVALID">\normalbottom</SEQ>
    <SEQ TYPE="INVALID">\folio</SEQ>
    <SEQ TYPE="INVALID">\nopagenumbers</SEQ>
    <SEQ TYPE="INVALID">\advancepageno</SEQ>
    <SEQ TYPE="INVALID">\pagebody</SEQ>
    <SEQ TYPE="INVALID">\plainoutput</SEQ>
    <SEQ TYPE="INVALID">\pagecontents</SEQ>
    <SEQ TYPE="INVALID">\makeheadline</SEQ>
    <SEQ TYPE="INVALID">\makefootline</SEQ>
    <SEQ TYPE="INVALID">\dosupereject</SEQ>
    <SEQ TYPE="INVALID">\footstrut</SEQ>
    <SEQ TYPE="INVALID">\vfootnote</SEQ>
    <SEQ TYPE="INVALID">\topins</SEQ>
    <SEQ TYPE="INVALID">\topinsert</SEQ>
    <SEQ TYPE="INVALID">\midinsert</SEQ>
    <SEQ TYPE="INVALID">\pageinsert</SEQ>
    <SEQ TYPE="INVALID">\endinsert</SEQ>
    <SEQ TYPE="INVALID">\fivei</SEQ>
    <SEQ TYPE="INVALID">\fiverm</SEQ>
    <SEQ TYPE="INVALID">\fivesy</SEQ>
    <SEQ TYPE="INVALID">\fivebf</SEQ>
    <SEQ TYPE="INVALID">\seveni</SEQ>
    <SEQ TYPE="INVALID">\sevenbf</SEQ>
    <SEQ TYPE="INVALID">\sevensy</SEQ>
    <SEQ TYPE="INVALID">\teni</SEQ>
    <SEQ TYPE="INVALID">\oldstyle</SEQ>
    <SEQ TYPE="INVALID">\eqalign</SEQ>
    <SEQ TYPE="INVALID">\eqalignno</SEQ>
    <SEQ TYPE="INVALID">\leqalignno</SEQ>
    <SEQ TYPE="INVALID">$$</SEQ>
    <SEQ TYPE="INVALID">\beginsection</SEQ>
    <SEQ TYPE="INVALID">\bye</SEQ>
    <SEQ TYPE="INVALID">\magnification</SEQ>
    <SEQ TYPE="INVALID">#</SEQ>
    <SEQ TYPE="INVALID">&amp;</SEQ>
    <SEQ TYPE="INVALID">_</SEQ>
    <SEQ TYPE="INVALID">\~</SEQ>

    <SPAN TYPE="MARKUP" DELEGATE="MathMode"><BEGIN>$</BEGIN><END>$</END></SPAN>
    <SPAN TYPE="MARKUP" DELEGATE="MathMode"><BEGIN>\(</BEGIN><END>\)</END></SPAN>
    <SPAN TYPE="MARKUP" DELEGATE="MathMode"><BEGIN>\[</BEGIN><END>\]</END></SPAN>
    <SPAN TYPE="MARKUP" DELEGATE="MathMode"><BEGIN>\begin{math}</BEGIN><END>\end{math}</END></SPAN>
    <SPAN TYPE="MARKUP" DELEGATE="MathMode"><BEGIN>\begin{displaymath}</BEGIN><END>\end{displaymath}</END></SPAN>
    <SPAN TYPE="MARKUP" DELEGATE="MathMode"><BEGIN>\begin{equation}</BEGIN><END>\end{equation}</END></SPAN>
    <SPAN TYPE="MARKUP" DELEGATE="MathMode"><BEGIN>\ensuremath{</BEGIN><END>}</END></SPAN>
    <SPAN TYPE="MARKUP" DELEGATE="ArrayMode"><BEGIN>\begin{eqnarray}</BEGIN><END>\end{eqnarray}</END></SPAN>
    <SPAN TYPE="MARKUP" DELEGATE="ArrayMode"><BEGIN>\begin{eqnarray*}</BEGIN><END>\end{eqnarray*}</END></SPAN>
    <SPAN TYPE="MARKUP" DELEGATE="TabularMode"><BEGIN>\begin{tabular}</BEGIN><END>\end{tabular}</END></SPAN>
    <SPAN TYPE="MARKUP" DELEGATE="TabularMode"><BEGIN>\begin{tabular*}</BEGIN><END>\end{tabular*}</END></SPAN>
    <SPAN TYPE="MARKUP" DELEGATE="TabbingMode"><BEGIN>\begin{tabbing}</BEGIN><END>\end{tabbing}</END></SPAN>
    <SPAN TYPE="MARKUP" DELEGATE="PictureMode"><BEGIN>\begin{picture}</BEGIN><END>\end{picture}</END></SPAN>
    <SEQ TYPE="OPERATOR">~</SEQ>
    <SEQ TYPE="KEYWORD1">}</SEQ>
    <SEQ TYPE="KEYWORD1">{</SEQ>
    <SEQ TYPE="KEYWORD3">totalnumber</SEQ>
    <SEQ TYPE="KEYWORD3">topnumber</SEQ>
    <SEQ TYPE="KEYWORD3">tocdepth</SEQ>
    <SEQ TYPE="KEYWORD3">secnumdepth</SEQ>
    <SEQ TYPE="KEYWORD3">dbltopnumber</SEQ>
    <SEQ TYPE="KEYWORD1">]</SEQ>
    <SEQ TYPE="KEYWORD1">\~{</SEQ>
    <SEQ TYPE="OPERATOR">\~</SEQ>
    <SEQ TYPE="OPERATOR">\}</SEQ>
    <SEQ TYPE="OPERATOR">\|</SEQ>
    <SEQ TYPE="KEYWORD1">\{</SEQ>
    <SEQ TYPE="KEYWORD2">\width</SEQ>
    <SEQ TYPE="KEYWORD1">\whiledo{</SEQ>
    <SEQ TYPE="KEYWORD1">\v{</SEQ>
    <SEQ TYPE="KEYWORD1">\vspace{</SEQ>
    <SEQ TYPE="KEYWORD1">\vspace*{</SEQ>
    <SEQ TYPE="KEYWORD2">\vfill</SEQ>
    <SEQ TYPE="KEYWORD2">\verb*</SEQ>
    <SEQ TYPE="KEYWORD2">\verb</SEQ>
    <SEQ TYPE="KEYWORD1">\value{</SEQ>
    <SEQ TYPE="KEYWORD2">\v</SEQ>
    <SEQ TYPE="KEYWORD1">\u{</SEQ>
    <SEQ TYPE="KEYWORD1">\usepackage{</SEQ>
    <SEQ TYPE="KEYWORD1">\usepackage[</SEQ>
    <SEQ TYPE="KEYWORD1">\usecounter{</SEQ>
    <SEQ TYPE="KEYWORD1">\usebox{</SEQ>
    <SEQ TYPE="KEYWORD2">\upshape</SEQ>
    <SEQ TYPE="KEYWORD1">\unboldmath{</SEQ>
    <SEQ TYPE="KEYWORD2">\u</SEQ>
    <SEQ TYPE="KEYWORD1">\t{</SEQ>
    <SEQ TYPE="KEYWORD1">\typeout{</SEQ>
    <SEQ TYPE="KEYWORD1">\typein{</SEQ>
    <SEQ TYPE="KEYWORD1">\typein[</SEQ>
    <SEQ TYPE="KEYWORD1">\twocolumn[</SEQ>
    <SEQ TYPE="KEYWORD2">\twocolumn</SEQ>
    <SEQ TYPE="KEYWORD2">\ttfamily</SEQ>
    <SEQ TYPE="KEYWORD2">\totalheight</SEQ>
    <SEQ TYPE="KEYWORD3">\topsep</SEQ>
    <SEQ TYPE="KEYWORD3">\topfraction</SEQ>
    <SEQ TYPE="KEYWORD2">\today</SEQ>
    <SEQ TYPE="KEYWORD1">\title{</SEQ>
    <SEQ TYPE="KEYWORD2">\tiny</SEQ>
    <SEQ TYPE="KEYWORD1">\thispagestyle{</SEQ>
    <SEQ TYPE="KEYWORD2">\thinlines</SEQ>
    <SEQ TYPE="KEYWORD2">\thicklines</SEQ>
    <SEQ TYPE="KEYWORD1">\thanks{</SEQ>
    <SEQ TYPE="KEYWORD3">\textwidth</SEQ>
    <SEQ TYPE="KEYWORD1">\textup{</SEQ>
    <SEQ TYPE="KEYWORD1">\texttt{</SEQ>
    <SEQ TYPE="KEYWORD1">\textsl{</SEQ>
    <SEQ TYPE="KEYWORD1">\textsf{</SEQ>
    <SEQ TYPE="KEYWORD1">\textsc{</SEQ>
    <SEQ TYPE="KEYWORD1">\textrm{</SEQ>
    <SEQ TYPE="KEYWORD1">\textnormal{</SEQ>
    <SEQ TYPE="KEYWORD1">\textmd{</SEQ>
    <SEQ TYPE="KEYWORD1">\textit{</SEQ>
    <SEQ TYPE="KEYWORD3">\textfraction</SEQ>
    <SEQ TYPE="KEYWORD3">\textfloatsep</SEQ>
    <SEQ TYPE="KEYWORD1">\textcolor{</SEQ>
    <SEQ TYPE="KEYWORD1">\textbf{</SEQ>
    <SEQ TYPE="KEYWORD2">\tableofcontents</SEQ>
    <SEQ TYPE="KEYWORD3">\tabcolsep</SEQ>
    <SEQ TYPE="KEYWORD3">\tabbingsep</SEQ>
    <SEQ TYPE="KEYWORD2">\t</SEQ>
    <SEQ TYPE="KEYWORD1">\symbol{</SEQ>
    <SEQ TYPE="KEYWORD1">\suppressfloats[</SEQ>
    <SEQ TYPE="KEYWORD2">\suppressfloats</SEQ>
    <SEQ TYPE="KEYWORD1">\subsubsection{</SEQ>
    <SEQ TYPE="KEYWORD1">\subsubsection[</SEQ>
    <SEQ TYPE="KEYWORD1">\subsubsection*{</SEQ>
    <SEQ TYPE="KEYWORD1">\subsection{</SEQ>
    <SEQ TYPE="KEYWORD1">\subsection[</SEQ>
    <SEQ TYPE="KEYWORD1">\subsection*{</SEQ>
    <SEQ TYPE="KEYWORD1">\subparagraph{</SEQ>
    <SEQ TYPE="KEYWORD1">\subparagraph[</SEQ>
    <SEQ TYPE="KEYWORD1">\subparagraph*{</SEQ>
    <SEQ TYPE="KEYWORD1">\stretch{</SEQ>
    <SEQ TYPE="KEYWORD1">\stepcounter{</SEQ>
    <SEQ TYPE="KEYWORD2">\smallskip</SEQ>
    <SEQ TYPE="KEYWORD2">\small</SEQ>
    <SEQ TYPE="KEYWORD2">\slshape</SEQ>
    <SEQ TYPE="KEYWORD2">\sloppy</SEQ>
    <SEQ TYPE="KEYWORD2">\sffamily</SEQ>
    <SEQ TYPE="KEYWORD1">\settowidth{</SEQ>
    <SEQ TYPE="KEYWORD1">\settoheight{</SEQ>
    <SEQ TYPE="KEYWORD1">\settodepth{</SEQ>
    <SEQ TYPE="KEYWORD1">\setlength{</SEQ>
    <SEQ TYPE="KEYWORD1">\setcounter{</SEQ>
    <SEQ TYPE="KEYWORD1">\section{</SEQ>
    <SEQ TYPE="KEYWORD1">\section[</SEQ>
    <SEQ TYPE="KEYWORD1">\section*{</SEQ>
    <SEQ TYPE="KEYWORD2">\scshape</SEQ>
    <SEQ TYPE="KEYWORD2">\scriptsize</SEQ>
    <SEQ TYPE="KEYWORD1">\scalebox{</SEQ>
    <SEQ TYPE="KEYWORD1">\sbox{</SEQ>
    <SEQ TYPE="KEYWORD1">\savebox{</SEQ>
    <SEQ TYPE="KEYWORD1">\rule{</SEQ>
    <SEQ TYPE="KEYWORD1">\rule[</SEQ>
    <SEQ TYPE="KEYWORD1">\rp,am{</SEQ>
    <SEQ TYPE="KEYWORD1">\rotatebox{</SEQ>
    <SEQ TYPE="KEYWORD2">\rmfamily</SEQ>
    <SEQ TYPE="KEYWORD3">\rightmargin</SEQ>
    <SEQ TYPE="KEYWORD2">\reversemarginpar</SEQ>
    <SEQ TYPE="KEYWORD1">\resizebox{</SEQ>
    <SEQ TYPE="KEYWORD1">\resizebox*{</SEQ>
    <SEQ TYPE="KEYWORD1">\renewenvironment{</SEQ>
    <SEQ TYPE="KEYWORD1">\renewcommand{</SEQ>
    <SEQ TYPE="KEYWORD1">\ref{</SEQ>
    <SEQ TYPE="KEYWORD2">\refstepcounter</SEQ>
    <SEQ TYPE="KEYWORD1">\raisebox{</SEQ>
    <SEQ TYPE="KEYWORD2">\raggedright</SEQ>
    <SEQ TYPE="KEYWORD2">\raggedleft</SEQ>
    <SEQ TYPE="KEYWORD3">\qbeziermax</SEQ>
    <SEQ TYPE="KEYWORD1">\providecommand{</SEQ>
    <SEQ TYPE="KEYWORD2">\protect</SEQ>
    <SEQ TYPE="KEYWORD2">\printindex</SEQ>
    <SEQ TYPE="KEYWORD2">\pounds</SEQ>
    <SEQ TYPE="KEYWORD1">\part{</SEQ>
    <SEQ TYPE="KEYWORD3">\partopsep</SEQ>
    <SEQ TYPE="KEYWORD1">\part[</SEQ>
    <SEQ TYPE="KEYWORD1">\part*{</SEQ>
    <SEQ TYPE="KEYWORD3">\parskip</SEQ>
    <SEQ TYPE="KEYWORD3">\parsep</SEQ>
    <SEQ TYPE="KEYWORD3">\parindent</SEQ>
    <SEQ TYPE="KEYWORD1">\parbox{</SEQ>
    <SEQ TYPE="KEYWORD1">\parbox[</SEQ>
    <SEQ TYPE="KEYWORD1">\paragraph{</SEQ>
    <SEQ TYPE="KEYWORD1">\paragraph[</SEQ>
    <SEQ TYPE="KEYWORD1">\paragraph*{</SEQ>
    <SEQ TYPE="KEYWORD2">\par</SEQ>
    <SEQ TYPE="KEYWORD1">\pagestyle{</SEQ>
    <SEQ TYPE="KEYWORD1">\pageref{</SEQ>
    <SEQ TYPE="KEYWORD1">\pagenumbering{</SEQ>
    <SEQ TYPE="KEYWORD1">\pagecolor{</SEQ>
    <SEQ TYPE="KEYWORD1">\pagebreak[</SEQ>
    <SEQ TYPE="KEYWORD2">\pagebreak</SEQ>
    <SEQ TYPE="KEYWORD2">\onecolumn</SEQ>
    <SEQ TYPE="KEYWORD2">\normalsize</SEQ>
    <SEQ TYPE="KEYWORD2">\normalmarginpar</SEQ>
    <SEQ TYPE="KEYWORD2">\normalfont</SEQ>
    <SEQ TYPE="KEYWORD1">\nopagebreak[</SEQ>
    <SEQ TYPE="KEYWORD2">\nopagebreak</SEQ>
    <SEQ TYPE="KEYWORD2">\nonfrenchspacing</SEQ>
    <SEQ TYPE="KEYWORD1">\nolinebreak[</SEQ>
    <SEQ TYPE="KEYWORD2">\nolinebreak</SEQ>
    <SEQ TYPE="KEYWORD2">\noindent</SEQ>
    <SEQ TYPE="KEYWORD1">\nocite{</SEQ>
    <SEQ TYPE="KEYWORD1">\newtheorem{</SEQ>
    <SEQ TYPE="KEYWORD1">\newsavebox{</SEQ>
    <SEQ TYPE="KEYWORD2">\newpage</SEQ>
    <SEQ TYPE="KEYWORD1">\newlength{</SEQ>
    <SEQ TYPE="KEYWORD1">\newenvironment{</SEQ>
    <SEQ TYPE="KEYWORD1">\newcounter{</SEQ>
    <SEQ TYPE="KEYWORD1">\newcommand{</SEQ>
    <SEQ TYPE="KEYWORD2">\medskip</SEQ>
    <SEQ TYPE="KEYWORD2">\mdseries</SEQ>
    <SEQ TYPE="KEYWORD1">\mbox{</SEQ>
    <SEQ TYPE="KEYWORD1">\mbox{</SEQ>
    <SEQ TYPE="KEYWORD3">\mathindent</SEQ>
    <SEQ TYPE="KEYWORD3">\mathindent</SEQ>
    <SEQ TYPE="KEYWORD1">\markright{</SEQ>
    <SEQ TYPE="KEYWORD1">\markboth{</SEQ>
    <SEQ TYPE="KEYWORD1">\marginpar{</SEQ>
    <SEQ TYPE="KEYWORD3">\marginparwidth</SEQ>
    <SEQ TYPE="KEYWORD3">\marginparsep</SEQ>
    <SEQ TYPE="KEYWORD3">\marginparpush</SEQ>
    <SEQ TYPE="KEYWORD1">\marginpar[</SEQ>
    <SEQ TYPE="KEYWORD2">\maketitle</SEQ>
    <SEQ TYPE="KEYWORD3">\makelabel</SEQ>
    <SEQ TYPE="KEYWORD2">\makeindex</SEQ>
    <SEQ TYPE="KEYWORD2">\makeglossary</SEQ>
    <SEQ TYPE="KEYWORD1">\makebox{</SEQ>
    <SEQ TYPE="KEYWORD1">\makebox[</SEQ>
    <SEQ TYPE="KEYWORD3">\listparindent</SEQ>
    <SEQ TYPE="KEYWORD2">\listoftables</SEQ>
    <SEQ TYPE="KEYWORD2">\listoffigures</SEQ>
    <SEQ TYPE="KEYWORD2">\listfiles</SEQ>
    <SEQ TYPE="KEYWORD3">\linewidth</SEQ>
    <SEQ TYPE="KEYWORD1">\linethickness{</SEQ>
    <SEQ TYPE="KEYWORD1">\linebreak[</SEQ>
    <SEQ TYPE="KEYWORD2">\linebreak</SEQ>
    <SEQ TYPE="KEYWORD1">\lengthtest{</SEQ>
    <SEQ TYPE="KEYWORD3">\leftmarginvi</SEQ>
    <SEQ TYPE="KEYWORD3">\leftmarginv</SEQ>
    <SEQ TYPE="KEYWORD3">\leftmarginiv</SEQ>
    <SEQ TYPE="KEYWORD3">\leftmarginiii</SEQ>
    <SEQ TYPE="KEYWORD3">\leftmarginii</SEQ>
    <SEQ TYPE="KEYWORD3">\leftmargini</SEQ>
    <SEQ TYPE="KEYWORD3">\leftmargin</SEQ>
    <SEQ TYPE="KEYWORD2">\large</SEQ>
    <SEQ TYPE="KEYWORD1">\label{</SEQ>
    <SEQ TYPE="KEYWORD3">\labelwidth</SEQ>
    <SEQ TYPE="KEYWORD3">\labelsep</SEQ>
    <SEQ TYPE="KEYWORD3">\jot</SEQ>
    <SEQ TYPE="KEYWORD2">\itshape</SEQ>
    <SEQ TYPE="KEYWORD3">\itemsep</SEQ>
    <SEQ TYPE="KEYWORD3">\itemindent</SEQ>
    <SEQ TYPE="KEYWORD1">\item[</SEQ>
    <SEQ TYPE="KEYWORD2">\item</SEQ>
    <SEQ TYPE="KEYWORD1">\isodd{</SEQ>
    <SEQ TYPE="KEYWORD3">\intextsep</SEQ>
    <SEQ TYPE="KEYWORD1">\input{</SEQ>
    <SEQ TYPE="KEYWORD1">\index{</SEQ>
    <SEQ TYPE="KEYWORD2">\indent</SEQ>
    <SEQ TYPE="KEYWORD1">\include{</SEQ>
    <SEQ TYPE="KEYWORD1">\includeonly{</SEQ>
    <SEQ TYPE="KEYWORD1">\includegraphics{</SEQ>
    <SEQ TYPE="KEYWORD1">\includegraphics[</SEQ>
    <SEQ TYPE="KEYWORD1">\includegraphics*{</SEQ>
    <SEQ TYPE="KEYWORD1">\includegraphics*[</SEQ>
    <SEQ TYPE="KEYWORD1">\ifthenelse{</SEQ>
    <SEQ TYPE="KEYWORD1">\hyphenation{</SEQ>
    <SEQ TYPE="KEYWORD2">\huge</SEQ>
    <SEQ TYPE="KEYWORD1">\hspace{</SEQ>
    <SEQ TYPE="KEYWORD1">\hspace*{</SEQ>
    <SEQ TYPE="KEYWORD2">\hfill</SEQ>
    <SEQ TYPE="KEYWORD2">\height</SEQ>
    <SEQ TYPE="KEYWORD1">\glossary{</SEQ>
    <SEQ TYPE="KEYWORD2">\fussy</SEQ>
    <SEQ TYPE="KEYWORD2">\frenchspacing</SEQ>
    <SEQ TYPE="KEYWORD1">\framebox{</SEQ>
    <SEQ TYPE="KEYWORD1">\framebox[</SEQ>
    <SEQ TYPE="KEYWORD2">\fragile</SEQ>
    <SEQ TYPE="KEYWORD1">\footnote{</SEQ>
    <SEQ TYPE="KEYWORD1">\footnotetext{</SEQ>
    <SEQ TYPE="KEYWORD1">\footnotetext[</SEQ>
    <SEQ TYPE="KEYWORD2">\footnotesize</SEQ>
    <SEQ TYPE="KEYWORD3">\footnotesep</SEQ>
    <SEQ TYPE="KEYWORD3">\footnoterule</SEQ>
    <SEQ TYPE="KEYWORD1">\footnotemark[</SEQ>
    <SEQ TYPE="KEYWORD2">\footnotemark</SEQ>
    <SEQ TYPE="KEYWORD1">\footnote[</SEQ>
    <SEQ TYPE="KEYWORD1">\fnsymbol{</SEQ>
    <SEQ TYPE="KEYWORD3">\floatsep</SEQ>
    <SEQ TYPE="KEYWORD3">\floatpagefraction</SEQ>
    <SEQ TYPE="KEYWORD2">\fill</SEQ>
    <SEQ TYPE="KEYWORD1">\fcolorbox{</SEQ>
    <SEQ TYPE="KEYWORD1">\fbox{</SEQ>
    <SEQ TYPE="KEYWORD3">\fboxsep</SEQ>
    <SEQ TYPE="KEYWORD3">\fboxrule</SEQ>
    <SEQ TYPE="KEYWORD1">\equal{</SEQ>
    <SEQ TYPE="KEYWORD1">\ensuremath{</SEQ>
    <SEQ TYPE="KEYWORD1">\enlargethispage{</SEQ>
    <SEQ TYPE="KEYWORD1">\enlargethispage*{</SEQ>
    <SEQ TYPE="KEYWORD1">\end{</SEQ>
    <SEQ TYPE="KEYWORD1">\emph{</SEQ>
    <SEQ TYPE="KEYWORD1">\d{</SEQ>
    <SEQ TYPE="KEYWORD3">\doublerulesep</SEQ>
    <SEQ TYPE="KEYWORD1">\documentclass{</SEQ>
    <SEQ TYPE="KEYWORD1">\documentclass[</SEQ>
    <SEQ TYPE="KEYWORD2">\depth</SEQ>
    <SEQ TYPE="KEYWORD1">\definecolor{</SEQ>
    <SEQ TYPE="KEYWORD2">\ddag</SEQ>
    <SEQ TYPE="KEYWORD3">\dbltopfraction</SEQ>
    <SEQ TYPE="KEYWORD3">\dbltextfloatsep</SEQ>
    <SEQ TYPE="KEYWORD3">\dblfloatsep</SEQ>
    <SEQ TYPE="KEYWORD3">\dblfloatpagefraction</SEQ>
    <SEQ TYPE="KEYWORD1">\date{</SEQ>
    <SEQ TYPE="KEYWORD2">\dag</SEQ>
    <SEQ TYPE="KEYWORD2">\d</SEQ>
    <SEQ TYPE="KEYWORD1">\c{</SEQ>
    <SEQ TYPE="KEYWORD2">\copyright</SEQ>
    <SEQ TYPE="KEYWORD3">\columnwidth</SEQ>
    <SEQ TYPE="KEYWORD3">\columnseprule</SEQ>
    <SEQ TYPE="KEYWORD3">\columnsep</SEQ>
    <SEQ TYPE="KEYWORD1">\color{</SEQ>
    <SEQ TYPE="KEYWORD1">\colorbox{</SEQ>
    <SEQ TYPE="KEYWORD2">\clearpage</SEQ>
    <SEQ TYPE="KEYWORD2">\cleardoublepage</SEQ>
    <SEQ TYPE="KEYWORD1">\cite{</SEQ>
    <SEQ TYPE="KEYWORD1">\cite[</SEQ>
    <SEQ TYPE="KEYWORD1">\chapter{</SEQ>
    <SEQ TYPE="KEYWORD1">\chapter[</SEQ>
    <SEQ TYPE="KEYWORD1">\chapter*{</SEQ>
    <SEQ TYPE="KEYWORD2">\centering</SEQ>
    <SEQ TYPE="KEYWORD1">\caption{</SEQ>
    <SEQ TYPE="KEYWORD1">\caption[</SEQ>
    <SEQ TYPE="KEYWORD2">\c</SEQ>
    <SEQ TYPE="KEYWORD1">\b{</SEQ>
    <SEQ TYPE="KEYWORD3">\bottomnumber</SEQ>
    <SEQ TYPE="KEYWORD3">\bottomfraction</SEQ>
    <SEQ TYPE="KEYWORD1">\boolean{</SEQ>
    <SEQ TYPE="KEYWORD1">\boldmath{</SEQ>
    <SEQ TYPE="KEYWORD2">\bigskip</SEQ>
    <SEQ TYPE="KEYWORD1">\bibliography{</SEQ>
    <SEQ TYPE="KEYWORD1">\bibliographystyle{</SEQ>
    <SEQ TYPE="KEYWORD3">\bibindent</SEQ>
    <SEQ TYPE="KEYWORD2">\bfseries</SEQ>
    <SEQ TYPE="KEYWORD3">\belowdisplayskip</SEQ>
    <SEQ TYPE="KEYWORD3">\belowdisplayshortskip</SEQ>
    <SEQ TYPE="KEYWORD1">\begin{</SEQ>
    <SEQ TYPE="KEYWORD3">\baselinestretch</SEQ>
    <SEQ TYPE="KEYWORD3">\baselineskip</SEQ>
    <SEQ TYPE="KEYWORD2">\b</SEQ>
    <SEQ TYPE="KEYWORD1">\author{</SEQ>
    <SEQ TYPE="KEYWORD3">\arraystgretch</SEQ>
    <SEQ TYPE="KEYWORD3">\arrayrulewidth</SEQ>
    <SEQ TYPE="KEYWORD3">\arraycolsep</SEQ>
    <SEQ TYPE="KEYWORD1">\arabic{</SEQ>
    <SEQ TYPE="KEYWORD2">\appendix</SEQ>
    <SEQ TYPE="KEYWORD1">\alph{</SEQ>
    <SEQ TYPE="KEYWORD1">\addvspace{</SEQ>
    <SEQ TYPE="KEYWORD1">\addtolength{</SEQ>
    <SEQ TYPE="KEYWORD1">\addtocounter{</SEQ>
    <SEQ TYPE="KEYWORD1">\addtocontents{</SEQ>
    <SEQ TYPE="KEYWORD1">\addcontentsline{</SEQ>
    <SEQ TYPE="KEYWORD3">\abovedisplayskip</SEQ>
    <SEQ TYPE="KEYWORD3">\abovedisplayshortskip</SEQ>
    <SEQ TYPE="KEYWORD1">\`{</SEQ>
    <SEQ TYPE="OPERATOR">\`</SEQ>
    <SEQ TYPE="OPERATOR">\_</SEQ>
    <SEQ TYPE="KEYWORD1">\^{</SEQ>
    <SEQ TYPE="OPERATOR">\^</SEQ>
    <SEQ TYPE="KEYWORD1">\\[</SEQ>
    <SEQ TYPE="KEYWORD1">\\*[</SEQ>
    <SEQ TYPE="OPERATOR">\\*</SEQ>
    <SEQ TYPE="OPERATOR">\\</SEQ>
    <SEQ TYPE="KEYWORD2">\TeX</SEQ>
    <SEQ TYPE="KEYWORD2">\S</SEQ>
    <SEQ TYPE="KEYWORD1">\Roman{</SEQ>
    <SEQ TYPE="KEYWORD2">\P</SEQ>
    <SEQ TYPE="KEYWORD2">\Large</SEQ>
    <SEQ TYPE="KEYWORD2">\LaTeX</SEQ>
    <SEQ TYPE="KEYWORD2">\LARGE</SEQ>
    <SEQ TYPE="KEYWORD1">\H{</SEQ>
    <SEQ TYPE="KEYWORD2">\Huge</SEQ>
    <SEQ TYPE="KEYWORD2">\H</SEQ>
    <SEQ TYPE="KEYWORD1">\Alph{</SEQ>
    <SEQ TYPE="OPERATOR">\@</SEQ>
    <SEQ TYPE="KEYWORD1">\={</SEQ>
    <SEQ TYPE="OPERATOR">\=</SEQ>
    <SEQ TYPE="KEYWORD1">\.{</SEQ>
    <SEQ TYPE="OPERATOR">\.</SEQ>
    <SEQ TYPE="OPERATOR">\-</SEQ>
    <SEQ TYPE="OPERATOR">\,</SEQ>
    <SEQ TYPE="KEYWORD1">\'{</SEQ>
    <SEQ TYPE="OPERATOR">\'</SEQ>
    <SEQ TYPE="OPERATOR">\&amp;</SEQ>
    <SEQ TYPE="OPERATOR">\%</SEQ>
    <SEQ TYPE="OPERATOR">\$</SEQ>
    <SEQ TYPE="OPERATOR">\#</SEQ>
    <SEQ TYPE="KEYWORD1">\"{</SEQ>
    <SEQ TYPE="OPERATOR">\"</SEQ>
    <SEQ TYPE="OPERATOR">\ </SEQ>
    <SEQ TYPE="KEYWORD1">[</SEQ>
    <SEQ TYPE="OPERATOR">---</SEQ>
    <SEQ TYPE="OPERATOR">--</SEQ>
    <SEQ TYPE="OPERATOR">-</SEQ>

    <MARK_FOLLOWING TYPE="KEYWORD4">\</MARK_FOLLOWING>

  </RULES>  <!--  NormalMode  -->

  <RULES IGNORE_CASE="FALSE" SET="MathMode">
    <SEQ TYPE="LABEL">__MathMode__</SEQ>

    <!--  % comments.  -->
    <EOL_SPAN TYPE="COMMENT1">%</EOL_SPAN>
    <SEQ TYPE="KEYWORD1">}</SEQ>
    <SEQ TYPE="KEYWORD1">{</SEQ>
    <SEQ TYPE="OPERATOR">_</SEQ>
    <SEQ TYPE="OPERATOR">^</SEQ>
    <SEQ TYPE="KEYWORD2">\zeta</SEQ>
    <SEQ TYPE="KEYWORD2">\xi</SEQ>
    <SEQ TYPE="KEYWORD2">\wr</SEQ>
    <SEQ TYPE="KEYWORD2">\wp</SEQ>
    <SEQ TYPE="KEYWORD1">\widetilde{</SEQ>
    <SEQ TYPE="KEYWORD1">\widehat{</SEQ>
    <SEQ TYPE="KEYWORD2">\wedge</SEQ>
    <SEQ TYPE="KEYWORD2">\veebar</SEQ>
    <SEQ TYPE="KEYWORD2">\vee</SEQ>
    <SEQ TYPE="KEYWORD1">\vec{</SEQ>
    <SEQ TYPE="KEYWORD2">\vdots</SEQ>
    <SEQ TYPE="KEYWORD2">\vdash</SEQ>
    <SEQ TYPE="KEYWORD2">\vartriangleright</SEQ>
    <SEQ TYPE="KEYWORD2">\vartriangleleft</SEQ>
    <SEQ TYPE="KEYWORD2">\vartriangle</SEQ>
    <SEQ TYPE="KEYWORD2">\vartheta</SEQ>
    <SEQ TYPE="KEYWORD2">\varsupsetneqq</SEQ>
    <SEQ TYPE="KEYWORD2">\varsupsetneq</SEQ>
    <SEQ TYPE="KEYWORD2">\varsubsetneqq</SEQ>
    <SEQ TYPE="KEYWORD2">\varsubsetneq</SEQ>
    <SEQ TYPE="KEYWORD2">\varsigma</SEQ>
    <SEQ TYPE="KEYWORD2">\varrho</SEQ>
    <SEQ TYPE="KEYWORD2">\varpropto</SEQ>
    <SEQ TYPE="KEYWORD2">\varpi</SEQ>
    <SEQ TYPE="KEYWORD2">\varphi</SEQ>
    <SEQ TYPE="KEYWORD2">\varnothing</SEQ>
    <SEQ TYPE="KEYWORD2">\varkappa</SEQ>
    <SEQ TYPE="KEYWORD2">\varepsilon</SEQ>
    <SEQ TYPE="KEYWORD2">\vDash</SEQ>
    <SEQ TYPE="KEYWORD2">\urcorner</SEQ>
    <SEQ TYPE="KEYWORD2">\upuparrows</SEQ>
    <SEQ TYPE="KEYWORD2">\upsilon</SEQ>
    <SEQ TYPE="KEYWORD2">\uplus</SEQ>
    <SEQ TYPE="KEYWORD2">\upharpoonright</SEQ>
    <SEQ TYPE="KEYWORD2">\upharpoonleft</SEQ>
    <SEQ TYPE="KEYWORD2">\updownarrow</SEQ>
    <SEQ TYPE="KEYWORD2">\uparrow</SEQ>
    <SEQ TYPE="KEYWORD2">\ulcorner</SEQ>
    <SEQ TYPE="KEYWORD2">\twoheadrightarrow</SEQ>
    <SEQ TYPE="KEYWORD2">\twoheadleftarrow</SEQ>
    <SEQ TYPE="KEYWORD2">\trianglerighteq</SEQ>
    <SEQ TYPE="KEYWORD2">\triangleright</SEQ>
    <SEQ TYPE="KEYWORD2">\triangleq</SEQ>
    <SEQ TYPE="KEYWORD2">\trianglelefteq</SEQ>
    <SEQ TYPE="KEYWORD2">\triangleleft</SEQ>
    <SEQ TYPE="KEYWORD2">\triangledown</SEQ>
    <SEQ TYPE="KEYWORD2">\triangle</SEQ>
    <SEQ TYPE="KEYWORD2">\top</SEQ>
    <SEQ TYPE="KEYWORD2">\times</SEQ>
    <SEQ TYPE="KEYWORD1">\tilde{</SEQ>
    <SEQ TYPE="KEYWORD2">\thicksim</SEQ>
    <SEQ TYPE="KEYWORD2">\thickapprox</SEQ>
    <SEQ TYPE="KEYWORD2">\theta</SEQ>
    <SEQ TYPE="KEYWORD2">\therefore</SEQ>
    <SEQ TYPE="KEYWORD1">\text{</SEQ>
    <SEQ TYPE="KEYWORD2">\textstyle</SEQ>
    <SEQ TYPE="KEYWORD2">\tau</SEQ>
    <SEQ TYPE="KEYWORD2">\tanh</SEQ>
    <SEQ TYPE="KEYWORD2">\tan</SEQ>
    <SEQ TYPE="KEYWORD2">\swarrow</SEQ>
    <SEQ TYPE="KEYWORD2">\surd</SEQ>
    <SEQ TYPE="KEYWORD2">\supsetneqq</SEQ>
    <SEQ TYPE="KEYWORD2">\supsetneq</SEQ>
    <SEQ TYPE="KEYWORD2">\supseteqq</SEQ>
    <SEQ TYPE="KEYWORD2">\supseteq</SEQ>
    <SEQ TYPE="KEYWORD2">\supset</SEQ>
    <SEQ TYPE="KEYWORD2">\sum</SEQ>
    <SEQ TYPE="KEYWORD2">\succsim</SEQ>
    <SEQ TYPE="KEYWORD2">\succnsim</SEQ>
    <SEQ TYPE="KEYWORD2">\succnapprox</SEQ>
    <SEQ TYPE="KEYWORD2">\succeq</SEQ>
    <SEQ TYPE="KEYWORD2">\succcurlyeq</SEQ>
    <SEQ TYPE="KEYWORD2">\succapprox</SEQ>
    <SEQ TYPE="KEYWORD2">\succ</SEQ>
    <SEQ TYPE="KEYWORD2">\subsetneqq</SEQ>
    <SEQ TYPE="KEYWORD2">\subsetneq</SEQ>
    <SEQ TYPE="KEYWORD2">\subseteqq</SEQ>
    <SEQ TYPE="KEYWORD2">\subseteq</SEQ>
    <SEQ TYPE="KEYWORD2">\subset</SEQ>
    <SEQ TYPE="KEYWORD2">\star</SEQ>
    <SEQ TYPE="KEYWORD1">\stackrel{</SEQ>
    <SEQ TYPE="KEYWORD2">\square</SEQ>
    <SEQ TYPE="KEYWORD2">\sqsupseteq</SEQ>
    <SEQ TYPE="KEYWORD2">\sqsupset</SEQ>
    <SEQ TYPE="KEYWORD2">\sqsubseteq</SEQ>
    <SEQ TYPE="KEYWORD2">\sqsubset</SEQ>
    <SEQ TYPE="KEYWORD1">\sqrt{</SEQ>
    <SEQ TYPE="KEYWORD2">\sqcup</SEQ>
    <SEQ TYPE="KEYWORD2">\sqcap</SEQ>
    <SEQ TYPE="KEYWORD2">\sphericalangle</SEQ>
    <SEQ TYPE="KEYWORD2">\spadesuit</SEQ>
    <SEQ TYPE="KEYWORD2">\smile</SEQ>
    <SEQ TYPE="KEYWORD2">\smallsmile</SEQ>
    <SEQ TYPE="KEYWORD2">\smallsetminus</SEQ>
    <SEQ TYPE="KEYWORD2">\smallfrown</SEQ>
    <SEQ TYPE="KEYWORD2">\sinh</SEQ>
    <SEQ TYPE="KEYWORD2">\sin</SEQ>
    <SEQ TYPE="KEYWORD2">\simeq</SEQ>
    <SEQ TYPE="KEYWORD2">\sim</SEQ>
    <SEQ TYPE="KEYWORD2">\sigma</SEQ>
    <SEQ TYPE="KEYWORD2">\shortparallel</SEQ>
    <SEQ TYPE="KEYWORD2">\shortmid</SEQ>
    <SEQ TYPE="KEYWORD2">\sharp</SEQ>
    <SEQ TYPE="KEYWORD2">\setminus</SEQ>
    <SEQ TYPE="KEYWORD2">\sec</SEQ>
    <SEQ TYPE="KEYWORD2">\searrow</SEQ>
    <SEQ TYPE="KEYWORD2">\scriptstyle</SEQ>
    <SEQ TYPE="KEYWORD2">\scriptscriptstyle</SEQ>
    <SEQ TYPE="KEYWORD2">\rtimes</SEQ>
    <SEQ TYPE="KEYWORD2">\risingdotseq</SEQ>
    <SEQ TYPE="KEYWORD2">\right|</SEQ>
    <SEQ TYPE="KEYWORD2">\rightthreetimes</SEQ>
    <SEQ TYPE="KEYWORD2">\rightsquigarrow</SEQ>
    <SEQ TYPE="KEYWORD2">\rightrightarrows</SEQ>
    <SEQ TYPE="KEYWORD2">\rightrightarrows</SEQ>
    <SEQ TYPE="KEYWORD2">\rightleftharpoons</SEQ>
    <SEQ TYPE="KEYWORD2">\rightleftharpoons</SEQ>
    <SEQ TYPE="KEYWORD2">\rightleftarrows</SEQ>
    <SEQ TYPE="KEYWORD2">\rightharpoonup</SEQ>
    <SEQ TYPE="KEYWORD2">\rightharpoondown</SEQ>
    <SEQ TYPE="KEYWORD2">\rightarrowtail</SEQ>
    <SEQ TYPE="KEYWORD2">\rightarrow</SEQ>
    <SEQ TYPE="KEYWORD2">\right]</SEQ>
    <SEQ TYPE="KEYWORD2">\right\|</SEQ>
    <SEQ TYPE="KEYWORD2">\right\updownarrow</SEQ>
    <SEQ TYPE="KEYWORD2">\right\uparrow</SEQ>
    <SEQ TYPE="KEYWORD2">\right\rfloor</SEQ>
    <SEQ TYPE="KEYWORD2">\right\rceil</SEQ>
    <SEQ TYPE="KEYWORD2">\right\rangle</SEQ>
    <SEQ TYPE="KEYWORD2">\right\lfloor</SEQ>
    <SEQ TYPE="KEYWORD2">\right\lceil</SEQ>
    <SEQ TYPE="KEYWORD2">\right\langle</SEQ>
    <SEQ TYPE="KEYWORD2">\right\downarrow</SEQ>
    <SEQ TYPE="KEYWORD2">\right\backslash</SEQ>
    <SEQ TYPE="KEYWORD2">\right\Updownarrow</SEQ>
    <SEQ TYPE="KEYWORD2">\right\Uparrow</SEQ>
    <SEQ TYPE="KEYWORD2">\right\Downarrow</SEQ>
    <SEQ TYPE="KEYWORD2">\right\)</SEQ>
    <SEQ TYPE="KEYWORD2">\right\(</SEQ>
    <SEQ TYPE="KEYWORD1">\right[</SEQ>
    <SEQ TYPE="KEYWORD2">\right/</SEQ>
    <SEQ TYPE="KEYWORD2">\right)</SEQ>
    <SEQ TYPE="KEYWORD2">\right(</SEQ>
    <SEQ TYPE="KEYWORD2">\rho</SEQ>
    <SEQ TYPE="KEYWORD2">\psi</SEQ>
    <SEQ TYPE="KEYWORD2">\propto</SEQ>
    <SEQ TYPE="KEYWORD2">\prod</SEQ>
    <SEQ TYPE="KEYWORD2">\prime</SEQ>
    <SEQ TYPE="KEYWORD2">\precsim</SEQ>
    <SEQ TYPE="KEYWORD2">\precnsim</SEQ>
    <SEQ TYPE="KEYWORD2">\precnapprox</SEQ>
    <SEQ TYPE="KEYWORD2">\preceq</SEQ>
    <SEQ TYPE="KEYWORD2">\preccurlyeq</SEQ>
    <SEQ TYPE="KEYWORD2">\precapprox</SEQ>
    <SEQ TYPE="KEYWORD2">\prec</SEQ>
    <SEQ TYPE="KEYWORD1">\pmod{</SEQ>
    <SEQ TYPE="KEYWORD1">\pmb{</SEQ>
    <SEQ TYPE="KEYWORD2">\pm</SEQ>
    <SEQ TYPE="KEYWORD2">\pitchfork</SEQ>
    <SEQ TYPE="KEYWORD2">\pi</SEQ>
    <SEQ TYPE="KEYWORD2">\phi</SEQ>
    <SEQ TYPE="KEYWORD2">\perp</SEQ>
    <SEQ TYPE="KEYWORD2">\partial</SEQ>
    <SEQ TYPE="KEYWORD2">\parallel</SEQ>
    <SEQ TYPE="KEYWORD1">\overline{</SEQ>
    <SEQ TYPE="KEYWORD2">\otimes</SEQ>
    <SEQ TYPE="KEYWORD2">\oslash</SEQ>
    <SEQ TYPE="KEYWORD2">\oplus</SEQ>
    <SEQ TYPE="KEYWORD2">\ominus</SEQ>
    <SEQ TYPE="KEYWORD2">\omega</SEQ>
    <SEQ TYPE="KEYWORD2">\oint</SEQ>
    <SEQ TYPE="KEYWORD2">\odot</SEQ>
    <SEQ TYPE="KEYWORD2">\nwarrow</SEQ>
    <SEQ TYPE="KEYWORD2">\nvdash</SEQ>
    <SEQ TYPE="KEYWORD2">\nvDash</SEQ>
    <SEQ TYPE="KEYWORD2">\nvDash</SEQ>
    <SEQ TYPE="KEYWORD2">\nu</SEQ>
    <SEQ TYPE="KEYWORD2">\ntrianglerighteq</SEQ>
    <SEQ TYPE="KEYWORD2">\ntriangleright</SEQ>
    <SEQ TYPE="KEYWORD2">\ntrianglelefteq</SEQ>
    <SEQ TYPE="KEYWORD2">\ntriangleleft</SEQ>
    <SEQ TYPE="KEYWORD2">\nsupseteqq</SEQ>
    <SEQ TYPE="KEYWORD2">\nsupseteq</SEQ>
    <SEQ TYPE="KEYWORD2">\nsucceq</SEQ>
    <SEQ TYPE="KEYWORD2">\nsucc</SEQ>
    <SEQ TYPE="KEYWORD2">\nsubseteq</SEQ>
    <SEQ TYPE="KEYWORD2">\nsim</SEQ>
    <SEQ TYPE="KEYWORD2">\nshortparallel</SEQ>
    <SEQ TYPE="KEYWORD2">\nshortmid</SEQ>
    <SEQ TYPE="KEYWORD2">\nrightarrow</SEQ>
    <SEQ TYPE="KEYWORD2">\npreceq</SEQ>
    <SEQ TYPE="KEYWORD2">\nprec</SEQ>
    <SEQ TYPE="KEYWORD2">\nparallel</SEQ>
    <SEQ TYPE="KEYWORD2">\notin</SEQ>
    <SEQ TYPE="KEYWORD2">\nmid</SEQ>
    <SEQ TYPE="KEYWORD2">\nless</SEQ>
    <SEQ TYPE="KEYWORD2">\nleqslant</SEQ>
    <SEQ TYPE="KEYWORD2">\nleqq</SEQ>
    <SEQ TYPE="KEYWORD2">\nleq</SEQ>
    <SEQ TYPE="KEYWORD2">\nleftrightarrow</SEQ>
    <SEQ TYPE="KEYWORD2">\nleftarrow</SEQ>
    <SEQ TYPE="KEYWORD2">\ni</SEQ>
    <SEQ TYPE="KEYWORD2">\ngtr</SEQ>
    <SEQ TYPE="KEYWORD2">\ngeqslant</SEQ>
    <SEQ TYPE="KEYWORD2">\ngeqq</SEQ>
    <SEQ TYPE="KEYWORD2">\ngeq</SEQ>
    <SEQ TYPE="KEYWORD2">\nexists</SEQ>
    <SEQ TYPE="KEYWORD2">\neq</SEQ>
    <SEQ TYPE="KEYWORD2">\neg</SEQ>
    <SEQ TYPE="KEYWORD2">\nearrow</SEQ>
    <SEQ TYPE="KEYWORD2">\ncong</SEQ>
    <SEQ TYPE="KEYWORD2">\natural</SEQ>
    <SEQ TYPE="KEYWORD2">\nabla</SEQ>
    <SEQ TYPE="KEYWORD2">\nVDash</SEQ>
    <SEQ TYPE="KEYWORD2">\nRightarrow</SEQ>
    <SEQ TYPE="KEYWORD2">\nLeftrightarrow</SEQ>
    <SEQ TYPE="KEYWORD2">\nLeftarrow</SEQ>
    <SEQ TYPE="KEYWORD2">\multimap</SEQ>
    <SEQ TYPE="KEYWORD2">\mu</SEQ>
    <SEQ TYPE="KEYWORD2">\mp</SEQ>
    <SEQ TYPE="KEYWORD2">\models</SEQ>
    <SEQ TYPE="KEYWORD2">\min</SEQ>
    <SEQ TYPE="KEYWORD2">\mid</SEQ>
    <SEQ TYPE="KEYWORD2">\mho</SEQ>
    <SEQ TYPE="KEYWORD2">\measuredangle</SEQ>
    <SEQ TYPE="KEYWORD2">\max</SEQ>
    <SEQ TYPE="KEYWORD1">\mathtt{</SEQ>
    <SEQ TYPE="KEYWORD1">\mathsf{</SEQ>
    <SEQ TYPE="KEYWORD2">\mathrm{~~ </SEQ>
    <SEQ TYPE="KEYWORD1">\mathit{</SEQ>
    <SEQ TYPE="KEYWORD1">\mathcal{</SEQ>
    <SEQ TYPE="KEYWORD1">\mathbf{</SEQ>
    <SEQ TYPE="KEYWORD2">\mapsto</SEQ>
    <SEQ TYPE="KEYWORD2">\lvertneqq</SEQ>
    <SEQ TYPE="KEYWORD2">\ltimes</SEQ>
    <SEQ TYPE="KEYWORD2">\lrcorner</SEQ>
    <SEQ TYPE="KEYWORD2">\lozenge</SEQ>
    <SEQ TYPE="KEYWORD2">\looparrowright</SEQ>
    <SEQ TYPE="KEYWORD2">\looparrowleft</SEQ>
    <SEQ TYPE="KEYWORD2">\longrightarrow</SEQ>
    <SEQ TYPE="KEYWORD2">\longmapsto</SEQ>
    <SEQ TYPE="KEYWORD2">\longleftrightarrow</SEQ>
    <SEQ TYPE="KEYWORD2">\longleftarrow</SEQ>
    <SEQ TYPE="KEYWORD2">\log</SEQ>
    <SEQ TYPE="KEYWORD2">\lnsim</SEQ>
    <SEQ TYPE="KEYWORD2">\lneqq</SEQ>
    <SEQ TYPE="KEYWORD2">\lneq</SEQ>
    <SEQ TYPE="KEYWORD2">\lnapprox</SEQ>
    <SEQ TYPE="KEYWORD2">\ln</SEQ>
    <SEQ TYPE="KEYWORD2">\lll</SEQ>
    <SEQ TYPE="KEYWORD2">\llcorner</SEQ>
    <SEQ TYPE="KEYWORD2">\ll</SEQ>
    <SEQ TYPE="KEYWORD2">\limsup</SEQ>
    <SEQ TYPE="KEYWORD2">\liminf</SEQ>
    <SEQ TYPE="KEYWORD2">\lim</SEQ>
    <SEQ TYPE="KEYWORD2">\lg</SEQ>
    <SEQ TYPE="KEYWORD2">\lesssim</SEQ>
    <SEQ TYPE="KEYWORD2">\lessgtr</SEQ>
    <SEQ TYPE="KEYWORD2">\lesseqqgtr</SEQ>
    <SEQ TYPE="KEYWORD2">\lesseqgtr</SEQ>
    <SEQ TYPE="KEYWORD2">\lessdot</SEQ>
    <SEQ TYPE="KEYWORD2">\lessapprox</SEQ>
    <SEQ TYPE="KEYWORD2">\leqslant</SEQ>
    <SEQ TYPE="KEYWORD2">\leqq</SEQ>
    <SEQ TYPE="KEYWORD2">\leq</SEQ>
    <SEQ TYPE="KEYWORD2">\left|</SEQ>
    <SEQ TYPE="KEYWORD2">\leftthreetimes</SEQ>
    <SEQ TYPE="KEYWORD2">\leftrightsquigarrow</SEQ>
    <SEQ TYPE="KEYWORD2">\leftrightharpoons</SEQ>
    <SEQ TYPE="KEYWORD2">\leftrightarrows</SEQ>
    <SEQ TYPE="KEYWORD2">\leftrightarrow</SEQ>
    <SEQ TYPE="KEYWORD2">\leftleftarrows</SEQ>
    <SEQ TYPE="KEYWORD2">\leftharpoonup</SEQ>
    <SEQ TYPE="KEYWORD2">\leftharpoondown</SEQ>
    <SEQ TYPE="KEYWORD1">\lefteqn{</SEQ>
    <SEQ TYPE="KEYWORD2">\leftarrowtail</SEQ>
    <SEQ TYPE="KEYWORD2">\leftarrow</SEQ>
    <SEQ TYPE="KEYWORD2">\left]</SEQ>
    <SEQ TYPE="KEYWORD2">\left\|</SEQ>
    <SEQ TYPE="KEYWORD2">\left\updownarrow</SEQ>
    <SEQ TYPE="KEYWORD2">\left\uparrow</SEQ>
    <SEQ TYPE="KEYWORD2">\left\rfloor</SEQ>
    <SEQ TYPE="KEYWORD2">\left\rceil</SEQ>
    <SEQ TYPE="KEYWORD2">\left\rangle</SEQ>
    <SEQ TYPE="KEYWORD2">\left\lfloor</SEQ>
    <SEQ TYPE="KEYWORD2">\left\lceil</SEQ>
    <SEQ TYPE="KEYWORD2">\left\langle</SEQ>
    <SEQ TYPE="KEYWORD2">\left\downarrow</SEQ>
    <SEQ TYPE="KEYWORD2">\left\backslash</SEQ>
    <SEQ TYPE="KEYWORD2">\left\Updownarrow</SEQ>
    <SEQ TYPE="KEYWORD2">\left\Uparrow</SEQ>
    <SEQ TYPE="KEYWORD2">\left\Downarrow</SEQ>
    <SEQ TYPE="KEYWORD2">\left\)</SEQ>
    <SEQ TYPE="KEYWORD2">\left\(</SEQ>
    <SEQ TYPE="KEYWORD1">\left[</SEQ>
    <SEQ TYPE="KEYWORD2">\left/</SEQ>
    <SEQ TYPE="KEYWORD2">\left)</SEQ>
    <SEQ TYPE="KEYWORD2">\left(</SEQ>
    <SEQ TYPE="KEYWORD2">\ldots</SEQ>
    <SEQ TYPE="KEYWORD2">\lambda</SEQ>
    <SEQ TYPE="KEYWORD2">\ker</SEQ>
    <SEQ TYPE="KEYWORD2">\kappa</SEQ>
    <SEQ TYPE="KEYWORD2">\jmath</SEQ>
    <SEQ TYPE="KEYWORD2">\jmath</SEQ>
    <SEQ TYPE="KEYWORD2">\iota</SEQ>
    <SEQ TYPE="KEYWORD2">\intercal</SEQ>
    <SEQ TYPE="KEYWORD2">\int</SEQ>
    <SEQ TYPE="KEYWORD2">\infty</SEQ>
    <SEQ TYPE="KEYWORD2">\inf</SEQ>
    <SEQ TYPE="KEYWORD2">\in</SEQ>
    <SEQ TYPE="KEYWORD2">\imath</SEQ>
    <SEQ TYPE="KEYWORD2">\imath</SEQ>
    <SEQ TYPE="KEYWORD2">\hslash</SEQ>
    <SEQ TYPE="KEYWORD2">\hookrightarrow</SEQ>
    <SEQ TYPE="KEYWORD2">\hookleftarrow</SEQ>
    <SEQ TYPE="KEYWORD2">\hom</SEQ>
    <SEQ TYPE="KEYWORD2">\heartsuit</SEQ>
    <SEQ TYPE="KEYWORD2">\hbar</SEQ>
    <SEQ TYPE="KEYWORD1">\hat{</SEQ>
    <SEQ TYPE="KEYWORD2">\gvertneqq</SEQ>
    <SEQ TYPE="KEYWORD2">\gtrsim</SEQ>
    <SEQ TYPE="KEYWORD2">\gtrless</SEQ>
    <SEQ TYPE="KEYWORD2">\gtreqqless</SEQ>
    <SEQ TYPE="KEYWORD2">\gtreqless</SEQ>
    <SEQ TYPE="KEYWORD2">\gtrdot</SEQ>
    <SEQ TYPE="KEYWORD2">\gtrapprox</SEQ>
    <SEQ TYPE="KEYWORD1">\grave{</SEQ>
    <SEQ TYPE="KEYWORD2">\gnsim</SEQ>
    <SEQ TYPE="KEYWORD2">\gneqq</SEQ>
    <SEQ TYPE="KEYWORD2">\gneq</SEQ>
    <SEQ TYPE="KEYWORD2">\gnapprox</SEQ>
    <SEQ TYPE="KEYWORD2">\gnapprox</SEQ>
    <SEQ TYPE="KEYWORD2">\gimel</SEQ>
    <SEQ TYPE="KEYWORD2">\ggg</SEQ>
    <SEQ TYPE="KEYWORD2">\gg</SEQ>
    <SEQ TYPE="KEYWORD2">\geqslant</SEQ>
    <SEQ TYPE="KEYWORD2">\geqq</SEQ>
    <SEQ TYPE="KEYWORD2">\geq</SEQ>
    <SEQ TYPE="KEYWORD2">\gcd</SEQ>
    <SEQ TYPE="KEYWORD2">\gamma</SEQ>
    <SEQ TYPE="KEYWORD2">\frown</SEQ>
    <SEQ TYPE="KEYWORD1">\frak{</SEQ>
    <SEQ TYPE="KEYWORD1">\frac{</SEQ>
    <SEQ TYPE="KEYWORD2">\forall</SEQ>
    <SEQ TYPE="KEYWORD2">\flat</SEQ>
    <SEQ TYPE="KEYWORD2">\fallingdotseq</SEQ>
    <SEQ TYPE="KEYWORD2">\exp</SEQ>
    <SEQ TYPE="KEYWORD2">\exists</SEQ>
    <SEQ TYPE="KEYWORD2">\eth</SEQ>
    <SEQ TYPE="KEYWORD2">\eta</SEQ>
    <SEQ TYPE="KEYWORD2">\equiv</SEQ>
    <SEQ TYPE="KEYWORD2">\eqslantless</SEQ>
    <SEQ TYPE="KEYWORD2">\eqslantgtr</SEQ>
    <SEQ TYPE="KEYWORD2">\eqcirc</SEQ>
    <SEQ TYPE="KEYWORD2">\epsilon</SEQ>
    <SEQ TYPE="KEYWORD1">\ensuremath{</SEQ>
    <SEQ TYPE="KEYWORD1">\end{</SEQ>
    <SEQ TYPE="KEYWORD2">\emptyset</SEQ>
    <SEQ TYPE="KEYWORD2">\ell</SEQ>
    <SEQ TYPE="KEYWORD2">\downharpoonright</SEQ>
    <SEQ TYPE="KEYWORD2">\downharpoonleft</SEQ>
    <SEQ TYPE="KEYWORD2">\downdownarrows</SEQ>
    <SEQ TYPE="KEYWORD2">\downarrow</SEQ>
    <SEQ TYPE="KEYWORD2">\doublebarwedge</SEQ>
    <SEQ TYPE="KEYWORD1">\dot{</SEQ>
    <SEQ TYPE="KEYWORD2">\dotplus</SEQ>
    <SEQ TYPE="KEYWORD2">\doteqdot</SEQ>
    <SEQ TYPE="KEYWORD2">\doteq</SEQ>
    <SEQ TYPE="KEYWORD2">\divideontimes</SEQ>
    <SEQ TYPE="KEYWORD2">\div</SEQ>
    <SEQ TYPE="KEYWORD2">\displaystyle</SEQ>
    <SEQ TYPE="KEYWORD2">\dim</SEQ>
    <SEQ TYPE="KEYWORD2">\digamma</SEQ>
    <SEQ TYPE="KEYWORD2">\diamondsuit</SEQ>
    <SEQ TYPE="KEYWORD2">\diamond</SEQ>
    <SEQ TYPE="KEYWORD2">\diagup</SEQ>
    <SEQ TYPE="KEYWORD2">\diagdown</SEQ>
    <SEQ TYPE="KEYWORD2">\det</SEQ>
    <SEQ TYPE="KEYWORD2">\delta</SEQ>
    <SEQ TYPE="KEYWORD2">\deg</SEQ>
    <SEQ TYPE="KEYWORD1">\ddot{</SEQ>
    <SEQ TYPE="KEYWORD2">\ddots</SEQ>
    <SEQ TYPE="KEYWORD2">\ddagger</SEQ>
    <SEQ TYPE="KEYWORD2">\dashv</SEQ>
    <SEQ TYPE="KEYWORD2">\dashrightarrow</SEQ>
    <SEQ TYPE="KEYWORD2">\dashleftarrow</SEQ>
    <SEQ TYPE="KEYWORD2">\daleth</SEQ>
    <SEQ TYPE="KEYWORD2">\dagger</SEQ>
    <SEQ TYPE="KEYWORD2">\curvearrowright</SEQ>
    <SEQ TYPE="KEYWORD2">\curvearrowleft</SEQ>
    <SEQ TYPE="KEYWORD2">\curlywedge</SEQ>
    <SEQ TYPE="KEYWORD2">\curlyvee</SEQ>
    <SEQ TYPE="KEYWORD2">\curlyeqsucc</SEQ>
    <SEQ TYPE="KEYWORD2">\curlyeqprec</SEQ>
    <SEQ TYPE="KEYWORD2">\cup</SEQ>
    <SEQ TYPE="KEYWORD2">\csc</SEQ>
    <SEQ TYPE="KEYWORD2">\coth</SEQ>
    <SEQ TYPE="KEYWORD2">\cot</SEQ>
    <SEQ TYPE="KEYWORD2">\cosh</SEQ>
    <SEQ TYPE="KEYWORD2">\cos</SEQ>
    <SEQ TYPE="KEYWORD2">\coprod</SEQ>
    <SEQ TYPE="KEYWORD2">\cong</SEQ>
    <SEQ TYPE="KEYWORD2">\complement</SEQ>
    <SEQ TYPE="KEYWORD2">\clubsuit</SEQ>
    <SEQ TYPE="KEYWORD2">\circleddash</SEQ>
    <SEQ TYPE="KEYWORD2">\circledcirc</SEQ>
    <SEQ TYPE="KEYWORD2">\circledast</SEQ>
    <SEQ TYPE="KEYWORD2">\circledS</SEQ>
    <SEQ TYPE="KEYWORD2">\circlearrowright</SEQ>
    <SEQ TYPE="KEYWORD2">\circlearrowleft</SEQ>
    <SEQ TYPE="KEYWORD2">\circeq</SEQ>
    <SEQ TYPE="KEYWORD2">\circ</SEQ>
    <SEQ TYPE="KEYWORD2">\chi</SEQ>
    <SEQ TYPE="KEYWORD1">\check{</SEQ>
    <SEQ TYPE="KEYWORD2">\centerdot</SEQ>
    <SEQ TYPE="KEYWORD2">\cdots</SEQ>
    <SEQ TYPE="KEYWORD2">\cdot</SEQ>
    <SEQ TYPE="KEYWORD2">\cap</SEQ>
    <SEQ TYPE="KEYWORD2">\bumpeq</SEQ>
    <SEQ TYPE="KEYWORD2">\bullet</SEQ>
    <SEQ TYPE="KEYWORD1">\breve{</SEQ>
    <SEQ TYPE="KEYWORD2">\boxtimes</SEQ>
    <SEQ TYPE="KEYWORD2">\boxplus</SEQ>
    <SEQ TYPE="KEYWORD2">\boxminus</SEQ>
    <SEQ TYPE="KEYWORD2">\boxdot</SEQ>
    <SEQ TYPE="KEYWORD2">\bowtie</SEQ>
    <SEQ TYPE="KEYWORD2">\bot</SEQ>
    <SEQ TYPE="KEYWORD1">\boldsymbol{</SEQ>
    <SEQ TYPE="KEYWORD2">\bmod</SEQ>
    <SEQ TYPE="KEYWORD2">\blacktriangleright</SEQ>
    <SEQ TYPE="KEYWORD2">\blacktriangleleft</SEQ>
    <SEQ TYPE="KEYWORD2">\blacktriangledown</SEQ>
    <SEQ TYPE="KEYWORD2">\blacktriangle</SEQ>
    <SEQ TYPE="KEYWORD2">\blacksquare</SEQ>
    <SEQ TYPE="KEYWORD2">\blacklozenge</SEQ>
    <SEQ TYPE="KEYWORD2">\bigwedge</SEQ>
    <SEQ TYPE="KEYWORD2">\bigvee</SEQ>
    <SEQ TYPE="KEYWORD2">\biguplus</SEQ>
    <SEQ TYPE="KEYWORD2">\bigtriangleup</SEQ>
    <SEQ TYPE="KEYWORD2">\bigtriangledown</SEQ>
    <SEQ TYPE="KEYWORD2">\bigstar</SEQ>
    <SEQ TYPE="KEYWORD2">\bigsqcup</SEQ>
    <SEQ TYPE="KEYWORD2">\bigotimes</SEQ>
    <SEQ TYPE="KEYWORD2">\bigoplus</SEQ>
    <SEQ TYPE="KEYWORD2">\bigodot</SEQ>
    <SEQ TYPE="KEYWORD2">\bigcup</SEQ>
    <SEQ TYPE="KEYWORD2">\bigcirc</SEQ>
    <SEQ TYPE="KEYWORD2">\bigcap</SEQ>
    <SEQ TYPE="KEYWORD2">\between</SEQ>
    <SEQ TYPE="KEYWORD2">\beth</SEQ>
    <SEQ TYPE="KEYWORD2">\beta</SEQ>
    <SEQ TYPE="KEYWORD1">\begin{</SEQ>
    <SEQ TYPE="KEYWORD2">\because</SEQ>
    <SEQ TYPE="KEYWORD1">\bar{</SEQ>
    <SEQ TYPE="KEYWORD2">\barwedge</SEQ>
    <SEQ TYPE="KEYWORD2">\backslash</SEQ>
    <SEQ TYPE="KEYWORD2">\backsimeq</SEQ>
    <SEQ TYPE="KEYWORD2">\backsim</SEQ>
    <SEQ TYPE="KEYWORD2">\backprime</SEQ>
    <SEQ TYPE="KEYWORD2">\asymp</SEQ>
    <SEQ TYPE="KEYWORD2">\ast</SEQ>
    <SEQ TYPE="KEYWORD2">\arg</SEQ>
    <SEQ TYPE="KEYWORD2">\arctan</SEQ>
    <SEQ TYPE="KEYWORD2">\arcsin</SEQ>
    <SEQ TYPE="KEYWORD2">\arccos</SEQ>
    <SEQ TYPE="KEYWORD2">\approxeq</SEQ>
    <SEQ TYPE="KEYWORD2">\approx</SEQ>
    <SEQ TYPE="KEYWORD2">\angle</SEQ>
    <SEQ TYPE="KEYWORD2">\angle</SEQ>
    <SEQ TYPE="KEYWORD2">\amalg</SEQ>
    <SEQ TYPE="KEYWORD2">\alpha</SEQ>
    <SEQ TYPE="KEYWORD2">\aleph</SEQ>
    <SEQ TYPE="KEYWORD1">\acute{</SEQ>
    <SEQ TYPE="KEYWORD2">\Xi</SEQ>
    <SEQ TYPE="KEYWORD2">\Vvdash</SEQ>
    <SEQ TYPE="KEYWORD2">\Vdash</SEQ>
    <SEQ TYPE="KEYWORD2">\Upsilon</SEQ>
    <SEQ TYPE="KEYWORD2">\Updownarrow</SEQ>
    <SEQ TYPE="KEYWORD2">\Uparrow</SEQ>
    <SEQ TYPE="KEYWORD2">\Theta</SEQ>
    <SEQ TYPE="KEYWORD2">\Supset</SEQ>
    <SEQ TYPE="KEYWORD2">\Subset</SEQ>
    <SEQ TYPE="KEYWORD2">\Sigma</SEQ>
    <SEQ TYPE="KEYWORD2">\Rsh</SEQ>
    <SEQ TYPE="KEYWORD2">\Rightarrow</SEQ>
    <SEQ TYPE="KEYWORD2">\Re</SEQ>
    <SEQ TYPE="KEYWORD2">\Psi</SEQ>
    <SEQ TYPE="KEYWORD2">\Pr</SEQ>
    <SEQ TYPE="KEYWORD2">\Pi</SEQ>
    <SEQ TYPE="KEYWORD2">\Phi</SEQ>
    <SEQ TYPE="KEYWORD2">\Omega</SEQ>
    <SEQ TYPE="KEYWORD2">\Lsh</SEQ>
    <SEQ TYPE="KEYWORD2">\Longrightarrow</SEQ>
    <SEQ TYPE="KEYWORD2">\Longleftrightarrow</SEQ>
    <SEQ TYPE="KEYWORD2">\Longleftarrow</SEQ>
    <SEQ TYPE="KEYWORD2">\Lleftarrow</SEQ>
    <SEQ TYPE="KEYWORD2">\Leftrightarrow</SEQ>
    <SEQ TYPE="KEYWORD2">\Leftarrow</SEQ>
    <SEQ TYPE="KEYWORD2">\Lambda</SEQ>
    <SEQ TYPE="KEYWORD2">\Im</SEQ>
    <SEQ TYPE="KEYWORD2">\Gamma</SEQ>
    <SEQ TYPE="KEYWORD2">\Game</SEQ>
    <SEQ TYPE="KEYWORD2">\Finv</SEQ>
    <SEQ TYPE="KEYWORD2">\Downarrow</SEQ>
    <SEQ TYPE="KEYWORD2">\Delta</SEQ>
    <SEQ TYPE="KEYWORD2">\Cup</SEQ>
    <SEQ TYPE="KEYWORD2">\Cap</SEQ>
    <SEQ TYPE="KEYWORD2">\Bumpeq</SEQ>
    <SEQ TYPE="KEYWORD1">\Bbb{</SEQ>
    <SEQ TYPE="KEYWORD2">\Bbbk</SEQ>
    <SEQ TYPE="OPERATOR">\;</SEQ>
    <SEQ TYPE="OPERATOR">\:</SEQ>
    <SEQ TYPE="OPERATOR">\,</SEQ>
    <SEQ TYPE="OPERATOR">\!</SEQ>
    <SEQ TYPE="OPERATOR">'</SEQ>

    <SPAN TYPE="MARKUP" DELEGATE="ArrayMode"><BEGIN>\begin{array}</BEGIN><END>\end{array}</END></SPAN>

    <MARK_FOLLOWING TYPE="KEYWORD4">\</MARK_FOLLOWING>

  </RULES>  <!--  MathMode  -->

  <RULES IGNORE_CASE="FALSE" SET="ArrayMode">
    <SEQ TYPE="LABEL">__ArrayMode__</SEQ>

    <!--  % comments.  -->
    <EOL_SPAN TYPE="COMMENT1">%</EOL_SPAN>
    <SEQ TYPE="KEYWORD1">}</SEQ>
    <SEQ TYPE="KEYWORD1">{</SEQ>
    <SEQ TYPE="OPERATOR">_</SEQ>
    <SEQ TYPE="OPERATOR">^</SEQ>
    <SEQ TYPE="KEYWORD2">\zeta</SEQ>
    <SEQ TYPE="KEYWORD2">\xi</SEQ>
    <SEQ TYPE="KEYWORD2">\wr</SEQ>
    <SEQ TYPE="KEYWORD2">\wp</SEQ>
    <SEQ TYPE="KEYWORD1">\widetilde{</SEQ>
    <SEQ TYPE="KEYWORD1">\widehat{</SEQ>
    <SEQ TYPE="KEYWORD2">\wedge</SEQ>
    <SEQ TYPE="KEYWORD2">\vline</SEQ>
    <SEQ TYPE="KEYWORD2">\veebar</SEQ>
    <SEQ TYPE="KEYWORD2">\vee</SEQ>
    <SEQ TYPE="KEYWORD1">\vec{</SEQ>
    <SEQ TYPE="KEYWORD2">\vdots</SEQ>
    <SEQ TYPE="KEYWORD2">\vdash</SEQ>
    <SEQ TYPE="KEYWORD2">\vartriangleright</SEQ>
    <SEQ TYPE="KEYWORD2">\vartriangleleft</SEQ>
    <SEQ TYPE="KEYWORD2">\vartriangle</SEQ>
    <SEQ TYPE="KEYWORD2">\vartheta</SEQ>
    <SEQ TYPE="KEYWORD2">\varsupsetneqq</SEQ>
    <SEQ TYPE="KEYWORD2">\varsupsetneq</SEQ>
    <SEQ TYPE="KEYWORD2">\varsubsetneqq</SEQ>
    <SEQ TYPE="KEYWORD2">\varsubsetneq</SEQ>
    <SEQ TYPE="KEYWORD2">\varsigma</SEQ>
    <SEQ TYPE="KEYWORD2">\varrho</SEQ>
    <SEQ TYPE="KEYWORD2">\varpropto</SEQ>
    <SEQ TYPE="KEYWORD2">\varpi</SEQ>
    <SEQ TYPE="KEYWORD2">\varphi</SEQ>
    <SEQ TYPE="KEYWORD2">\varnothing</SEQ>
    <SEQ TYPE="KEYWORD2">\varkappa</SEQ>
    <SEQ TYPE="KEYWORD2">\varepsilon</SEQ>
    <SEQ TYPE="KEYWORD2">\vDash</SEQ>
    <SEQ TYPE="KEYWORD2">\urcorner</SEQ>
    <SEQ TYPE="KEYWORD2">\upuparrows</SEQ>
    <SEQ TYPE="KEYWORD2">\upsilon</SEQ>
    <SEQ TYPE="KEYWORD2">\uplus</SEQ>
    <SEQ TYPE="KEYWORD2">\upharpoonright</SEQ>
    <SEQ TYPE="KEYWORD2">\upharpoonleft</SEQ>
    <SEQ TYPE="KEYWORD2">\updownarrow</SEQ>
    <SEQ TYPE="KEYWORD2">\uparrow</SEQ>
    <SEQ TYPE="KEYWORD2">\ulcorner</SEQ>
    <SEQ TYPE="KEYWORD2">\twoheadrightarrow</SEQ>
    <SEQ TYPE="KEYWORD2">\twoheadleftarrow</SEQ>
    <SEQ TYPE="KEYWORD2">\trianglerighteq</SEQ>
    <SEQ TYPE="KEYWORD2">\triangleright</SEQ>
    <SEQ TYPE="KEYWORD2">\triangleq</SEQ>
    <SEQ TYPE="KEYWORD2">\trianglelefteq</SEQ>
    <SEQ TYPE="KEYWORD2">\triangleleft</SEQ>
    <SEQ TYPE="KEYWORD2">\triangledown</SEQ>
    <SEQ TYPE="KEYWORD2">\triangle</SEQ>
    <SEQ TYPE="KEYWORD2">\top</SEQ>
    <SEQ TYPE="KEYWORD2">\times</SEQ>
    <SEQ TYPE="KEYWORD1">\tilde{</SEQ>
    <SEQ TYPE="KEYWORD2">\thicksim</SEQ>
    <SEQ TYPE="KEYWORD2">\thickapprox</SEQ>
    <SEQ TYPE="KEYWORD2">\theta</SEQ>
    <SEQ TYPE="KEYWORD2">\therefore</SEQ>
    <SEQ TYPE="KEYWORD1">\text{</SEQ>
    <SEQ TYPE="KEYWORD2">\textstyle</SEQ>
    <SEQ TYPE="KEYWORD2">\tau</SEQ>
    <SEQ TYPE="KEYWORD2">\tanh</SEQ>
    <SEQ TYPE="KEYWORD2">\tan</SEQ>
    <SEQ TYPE="KEYWORD2">\swarrow</SEQ>
    <SEQ TYPE="KEYWORD2">\surd</SEQ>
    <SEQ TYPE="KEYWORD2">\supsetneqq</SEQ>
    <SEQ TYPE="KEYWORD2">\supsetneq</SEQ>
    <SEQ TYPE="KEYWORD2">\supseteqq</SEQ>
    <SEQ TYPE="KEYWORD2">\supseteq</SEQ>
    <SEQ TYPE="KEYWORD2">\supset</SEQ>
    <SEQ TYPE="KEYWORD2">\sum</SEQ>
    <SEQ TYPE="KEYWORD2">\succsim</SEQ>
    <SEQ TYPE="KEYWORD2">\succnsim</SEQ>
    <SEQ TYPE="KEYWORD2">\succnapprox</SEQ>
    <SEQ TYPE="KEYWORD2">\succeq</SEQ>
    <SEQ TYPE="KEYWORD2">\succcurlyeq</SEQ>
    <SEQ TYPE="KEYWORD2">\succapprox</SEQ>
    <SEQ TYPE="KEYWORD2">\succ</SEQ>
    <SEQ TYPE="KEYWORD2">\subsetneqq</SEQ>
    <SEQ TYPE="KEYWORD2">\subsetneq</SEQ>
    <SEQ TYPE="KEYWORD2">\subseteqq</SEQ>
    <SEQ TYPE="KEYWORD2">\subseteq</SEQ>
    <SEQ TYPE="KEYWORD2">\subset</SEQ>
    <SEQ TYPE="KEYWORD2">\star</SEQ>
    <SEQ TYPE="KEYWORD1">\stackrel{</SEQ>
    <SEQ TYPE="KEYWORD2">\square</SEQ>
    <SEQ TYPE="KEYWORD2">\sqsupseteq</SEQ>
    <SEQ TYPE="KEYWORD2">\sqsupset</SEQ>
    <SEQ TYPE="KEYWORD2">\sqsubseteq</SEQ>
    <SEQ TYPE="KEYWORD2">\sqsubset</SEQ>
    <SEQ TYPE="KEYWORD1">\sqrt{</SEQ>
    <SEQ TYPE="KEYWORD2">\sqcup</SEQ>
    <SEQ TYPE="KEYWORD2">\sqcap</SEQ>
    <SEQ TYPE="KEYWORD2">\sphericalangle</SEQ>
    <SEQ TYPE="KEYWORD2">\spadesuit</SEQ>
    <SEQ TYPE="KEYWORD2">\smile</SEQ>
    <SEQ TYPE="KEYWORD2">\smallsmile</SEQ>
    <SEQ TYPE="KEYWORD2">\smallsetminus</SEQ>
    <SEQ TYPE="KEYWORD2">\smallfrown</SEQ>
    <SEQ TYPE="KEYWORD2">\sinh</SEQ>
    <SEQ TYPE="KEYWORD2">\sin</SEQ>
    <SEQ TYPE="KEYWORD2">\simeq</SEQ>
    <SEQ TYPE="KEYWORD2">\sim</SEQ>
    <SEQ TYPE="KEYWORD2">\sigma</SEQ>
    <SEQ TYPE="KEYWORD2">\shortparallel</SEQ>
    <SEQ TYPE="KEYWORD2">\shortmid</SEQ>
    <SEQ TYPE="KEYWORD2">\sharp</SEQ>
    <SEQ TYPE="KEYWORD2">\setminus</SEQ>
    <SEQ TYPE="KEYWORD2">\sec</SEQ>
    <SEQ TYPE="KEYWORD2">\searrow</SEQ>
    <SEQ TYPE="KEYWORD2">\scriptstyle</SEQ>
    <SEQ TYPE="KEYWORD2">\scriptscriptstyle</SEQ>
    <SEQ TYPE="KEYWORD2">\rtimes</SEQ>
    <SEQ TYPE="KEYWORD2">\risingdotseq</SEQ>
    <SEQ TYPE="KEYWORD2">\right|</SEQ>
    <SEQ TYPE="KEYWORD2">\rightthreetimes</SEQ>
    <SEQ TYPE="KEYWORD2">\rightsquigarrow</SEQ>
    <SEQ TYPE="KEYWORD2">\rightrightarrows</SEQ>
    <SEQ TYPE="KEYWORD2">\rightrightarrows</SEQ>
    <SEQ TYPE="KEYWORD2">\rightleftharpoons</SEQ>
    <SEQ TYPE="KEYWORD2">\rightleftharpoons</SEQ>
    <SEQ TYPE="KEYWORD2">\rightleftarrows</SEQ>
    <SEQ TYPE="KEYWORD2">\rightharpoonup</SEQ>
    <SEQ TYPE="KEYWORD2">\rightharpoondown</SEQ>
    <SEQ TYPE="KEYWORD2">\rightarrowtail</SEQ>
    <SEQ TYPE="KEYWORD2">\rightarrow</SEQ>
    <SEQ TYPE="KEYWORD2">\right]</SEQ>
    <SEQ TYPE="KEYWORD2">\right\|</SEQ>
    <SEQ TYPE="KEYWORD2">\right\updownarrow</SEQ>
    <SEQ TYPE="KEYWORD2">\right\uparrow</SEQ>
    <SEQ TYPE="KEYWORD2">\right\rfloor</SEQ>
    <SEQ TYPE="KEYWORD2">\right\rceil</SEQ>
    <SEQ TYPE="KEYWORD2">\right\rangle</SEQ>
    <SEQ TYPE="KEYWORD2">\right\lfloor</SEQ>
    <SEQ TYPE="KEYWORD2">\right\lceil</SEQ>
    <SEQ TYPE="KEYWORD2">\right\langle</SEQ>
    <SEQ TYPE="KEYWORD2">\right\downarrow</SEQ>
    <SEQ TYPE="KEYWORD2">\right\backslash</SEQ>
    <SEQ TYPE="KEYWORD2">\right\Updownarrow</SEQ>
    <SEQ TYPE="KEYWORD2">\right\Uparrow</SEQ>
    <SEQ TYPE="KEYWORD2">\right\Downarrow</SEQ>
    <SEQ TYPE="KEYWORD2">\right\)</SEQ>
    <SEQ TYPE="KEYWORD2">\right\(</SEQ>
    <SEQ TYPE="KEYWORD1">\right[</SEQ>
    <SEQ TYPE="KEYWORD2">\right/</SEQ>
    <SEQ TYPE="KEYWORD2">\right)</SEQ>
    <SEQ TYPE="KEYWORD2">\right(</SEQ>
    <SEQ TYPE="KEYWORD2">\rho</SEQ>
    <SEQ TYPE="KEYWORD2">\psi</SEQ>
    <SEQ TYPE="KEYWORD2">\propto</SEQ>
    <SEQ TYPE="KEYWORD2">\prod</SEQ>
    <SEQ TYPE="KEYWORD2">\prime</SEQ>
    <SEQ TYPE="KEYWORD2">\precsim</SEQ>
    <SEQ TYPE="KEYWORD2">\precnsim</SEQ>
    <SEQ TYPE="KEYWORD2">\precnapprox</SEQ>
    <SEQ TYPE="KEYWORD2">\preceq</SEQ>
    <SEQ TYPE="KEYWORD2">\preccurlyeq</SEQ>
    <SEQ TYPE="KEYWORD2">\precapprox</SEQ>
    <SEQ TYPE="KEYWORD2">\prec</SEQ>
    <SEQ TYPE="KEYWORD1">\pmod{</SEQ>
    <SEQ TYPE="KEYWORD1">\pmb{</SEQ>
    <SEQ TYPE="KEYWORD2">\pm</SEQ>
    <SEQ TYPE="KEYWORD2">\pitchfork</SEQ>
    <SEQ TYPE="KEYWORD2">\pi</SEQ>
    <SEQ TYPE="KEYWORD2">\phi</SEQ>
    <SEQ TYPE="KEYWORD2">\perp</SEQ>
    <SEQ TYPE="KEYWORD2">\partial</SEQ>
    <SEQ TYPE="KEYWORD2">\parallel</SEQ>
    <SEQ TYPE="KEYWORD1">\overline{</SEQ>
    <SEQ TYPE="KEYWORD2">\otimes</SEQ>
    <SEQ TYPE="KEYWORD2">\oslash</SEQ>
    <SEQ TYPE="KEYWORD2">\oplus</SEQ>
    <SEQ TYPE="KEYWORD2">\ominus</SEQ>
    <SEQ TYPE="KEYWORD2">\omega</SEQ>
    <SEQ TYPE="KEYWORD2">\oint</SEQ>
    <SEQ TYPE="KEYWORD2">\odot</SEQ>
    <SEQ TYPE="KEYWORD2">\nwarrow</SEQ>
    <SEQ TYPE="KEYWORD2">\nvdash</SEQ>
    <SEQ TYPE="KEYWORD2">\nvDash</SEQ>
    <SEQ TYPE="KEYWORD2">\nvDash</SEQ>
    <SEQ TYPE="KEYWORD2">\nu</SEQ>
    <SEQ TYPE="KEYWORD2">\ntrianglerighteq</SEQ>
    <SEQ TYPE="KEYWORD2">\ntriangleright</SEQ>
    <SEQ TYPE="KEYWORD2">\ntrianglelefteq</SEQ>
    <SEQ TYPE="KEYWORD2">\ntriangleleft</SEQ>
    <SEQ TYPE="KEYWORD2">\nsupseteqq</SEQ>
    <SEQ TYPE="KEYWORD2">\nsupseteq</SEQ>
    <SEQ TYPE="KEYWORD2">\nsucceq</SEQ>
    <SEQ TYPE="KEYWORD2">\nsucc</SEQ>
    <SEQ TYPE="KEYWORD2">\nsubseteq</SEQ>
    <SEQ TYPE="KEYWORD2">\nsim</SEQ>
    <SEQ TYPE="KEYWORD2">\nshortparallel</SEQ>
    <SEQ TYPE="KEYWORD2">\nshortmid</SEQ>
    <SEQ TYPE="KEYWORD2">\nrightarrow</SEQ>
    <SEQ TYPE="KEYWORD2">\npreceq</SEQ>
    <SEQ TYPE="KEYWORD2">\nprec</SEQ>
    <SEQ TYPE="KEYWORD2">\nparallel</SEQ>
    <SEQ TYPE="KEYWORD2">\notin</SEQ>
    <SEQ TYPE="KEYWORD2">\nmid</SEQ>
    <SEQ TYPE="KEYWORD2">\nless</SEQ>
    <SEQ TYPE="KEYWORD2">\nleqslant</SEQ>
    <SEQ TYPE="KEYWORD2">\nleqq</SEQ>
    <SEQ TYPE="KEYWORD2">\nleq</SEQ>
    <SEQ TYPE="KEYWORD2">\nleftrightarrow</SEQ>
    <SEQ TYPE="KEYWORD2">\nleftarrow</SEQ>
    <SEQ TYPE="KEYWORD2">\ni</SEQ>
    <SEQ TYPE="KEYWORD2">\ngtr</SEQ>
    <SEQ TYPE="KEYWORD2">\ngeqslant</SEQ>
    <SEQ TYPE="KEYWORD2">\ngeqq</SEQ>
    <SEQ TYPE="KEYWORD2">\ngeq</SEQ>
    <SEQ TYPE="KEYWORD2">\nexists</SEQ>
    <SEQ TYPE="KEYWORD2">\neq</SEQ>
    <SEQ TYPE="KEYWORD2">\neg</SEQ>
    <SEQ TYPE="KEYWORD2">\nearrow</SEQ>
    <SEQ TYPE="KEYWORD2">\ncong</SEQ>
    <SEQ TYPE="KEYWORD2">\natural</SEQ>
    <SEQ TYPE="KEYWORD2">\nabla</SEQ>
    <SEQ TYPE="KEYWORD2">\nVDash</SEQ>
    <SEQ TYPE="KEYWORD2">\nRightarrow</SEQ>
    <SEQ TYPE="KEYWORD2">\nLeftrightarrow</SEQ>
    <SEQ TYPE="KEYWORD2">\nLeftarrow</SEQ>
    <SEQ TYPE="KEYWORD2">\multimap</SEQ>
    <SEQ TYPE="KEYWORD1">\multicolumn{</SEQ>
    <SEQ TYPE="KEYWORD2">\mu</SEQ>
    <SEQ TYPE="KEYWORD2">\mp</SEQ>
    <SEQ TYPE="KEYWORD2">\models</SEQ>
    <SEQ TYPE="KEYWORD2">\min</SEQ>
    <SEQ TYPE="KEYWORD2">\mid</SEQ>
    <SEQ TYPE="KEYWORD2">\mho</SEQ>
    <SEQ TYPE="KEYWORD2">\measuredangle</SEQ>
    <SEQ TYPE="KEYWORD2">\max</SEQ>
    <SEQ TYPE="KEYWORD1">\mathtt{</SEQ>
    <SEQ TYPE="KEYWORD1">\mathsf{</SEQ>
    <SEQ TYPE="KEYWORD2">\mathrm{~~ </SEQ>
    <SEQ TYPE="KEYWORD1">\mathit{</SEQ>
    <SEQ TYPE="KEYWORD1">\mathcal{</SEQ>
    <SEQ TYPE="KEYWORD1">\mathbf{</SEQ>
    <SEQ TYPE="KEYWORD2">\mapsto</SEQ>
    <SEQ TYPE="KEYWORD2">\lvertneqq</SEQ>
    <SEQ TYPE="KEYWORD2">\ltimes</SEQ>
    <SEQ TYPE="KEYWORD2">\lrcorner</SEQ>
    <SEQ TYPE="KEYWORD2">\lozenge</SEQ>
    <SEQ TYPE="KEYWORD2">\looparrowright</SEQ>
    <SEQ TYPE="KEYWORD2">\looparrowleft</SEQ>
    <SEQ TYPE="KEYWORD2">\longrightarrow</SEQ>
    <SEQ TYPE="KEYWORD2">\longmapsto</SEQ>
    <SEQ TYPE="KEYWORD2">\longleftrightarrow</SEQ>
    <SEQ TYPE="KEYWORD2">\longleftarrow</SEQ>
    <SEQ TYPE="KEYWORD2">\log</SEQ>
    <SEQ TYPE="KEYWORD2">\lnsim</SEQ>
    <SEQ TYPE="KEYWORD2">\lneqq</SEQ>
    <SEQ TYPE="KEYWORD2">\lneq</SEQ>
    <SEQ TYPE="KEYWORD2">\lnapprox</SEQ>
    <SEQ TYPE="KEYWORD2">\ln</SEQ>
    <SEQ TYPE="KEYWORD2">\lll</SEQ>
    <SEQ TYPE="KEYWORD2">\llcorner</SEQ>
    <SEQ TYPE="KEYWORD2">\ll</SEQ>
    <SEQ TYPE="KEYWORD2">\limsup</SEQ>
    <SEQ TYPE="KEYWORD2">\liminf</SEQ>
    <SEQ TYPE="KEYWORD2">\lim</SEQ>
    <SEQ TYPE="KEYWORD2">\lg</SEQ>
    <SEQ TYPE="KEYWORD2">\lesssim</SEQ>
    <SEQ TYPE="KEYWORD2">\lessgtr</SEQ>
    <SEQ TYPE="KEYWORD2">\lesseqqgtr</SEQ>
    <SEQ TYPE="KEYWORD2">\lesseqgtr</SEQ>
    <SEQ TYPE="KEYWORD2">\lessdot</SEQ>
    <SEQ TYPE="KEYWORD2">\lessapprox</SEQ>
    <SEQ TYPE="KEYWORD2">\leqslant</SEQ>
    <SEQ TYPE="KEYWORD2">\leqq</SEQ>
    <SEQ TYPE="KEYWORD2">\leq</SEQ>
    <SEQ TYPE="KEYWORD2">\left|</SEQ>
    <SEQ TYPE="KEYWORD2">\leftthreetimes</SEQ>
    <SEQ TYPE="KEYWORD2">\leftrightsquigarrow</SEQ>
    <SEQ TYPE="KEYWORD2">\leftrightharpoons</SEQ>
    <SEQ TYPE="KEYWORD2">\leftrightarrows</SEQ>
    <SEQ TYPE="KEYWORD2">\leftrightarrow</SEQ>
    <SEQ TYPE="KEYWORD2">\leftleftarrows</SEQ>
    <SEQ TYPE="KEYWORD2">\leftharpoonup</SEQ>
    <SEQ TYPE="KEYWORD2">\leftharpoondown</SEQ>
    <SEQ TYPE="KEYWORD1">\lefteqn{</SEQ>
    <SEQ TYPE="KEYWORD2">\leftarrowtail</SEQ>
    <SEQ TYPE="KEYWORD2">\leftarrow</SEQ>
    <SEQ TYPE="KEYWORD2">\left]</SEQ>
    <SEQ TYPE="KEYWORD2">\left\|</SEQ>
    <SEQ TYPE="KEYWORD2">\left\updownarrow</SEQ>
    <SEQ TYPE="KEYWORD2">\left\uparrow</SEQ>
    <SEQ TYPE="KEYWORD2">\left\rfloor</SEQ>
    <SEQ TYPE="KEYWORD2">\left\rceil</SEQ>
    <SEQ TYPE="KEYWORD2">\left\rangle</SEQ>
    <SEQ TYPE="KEYWORD2">\left\lfloor</SEQ>
    <SEQ TYPE="KEYWORD2">\left\lceil</SEQ>
    <SEQ TYPE="KEYWORD2">\left\langle</SEQ>
    <SEQ TYPE="KEYWORD2">\left\downarrow</SEQ>
    <SEQ TYPE="KEYWORD2">\left\backslash</SEQ>
    <SEQ TYPE="KEYWORD2">\left\Updownarrow</SEQ>
    <SEQ TYPE="KEYWORD2">\left\Uparrow</SEQ>
    <SEQ TYPE="KEYWORD2">\left\Downarrow</SEQ>
    <SEQ TYPE="KEYWORD2">\left\)</SEQ>
    <SEQ TYPE="KEYWORD2">\left\(</SEQ>
    <SEQ TYPE="KEYWORD1">\left[</SEQ>
    <SEQ TYPE="KEYWORD2">\left/</SEQ>
    <SEQ TYPE="KEYWORD2">\left)</SEQ>
    <SEQ TYPE="KEYWORD2">\left(</SEQ>
    <SEQ TYPE="KEYWORD2">\ldots</SEQ>
    <SEQ TYPE="KEYWORD2">\lambda</SEQ>
    <SEQ TYPE="KEYWORD2">\ker</SEQ>
    <SEQ TYPE="KEYWORD2">\kappa</SEQ>
    <SEQ TYPE="KEYWORD2">\jmath</SEQ>
    <SEQ TYPE="KEYWORD2">\jmath</SEQ>
    <SEQ TYPE="KEYWORD2">\iota</SEQ>
    <SEQ TYPE="KEYWORD2">\intercal</SEQ>
    <SEQ TYPE="KEYWORD2">\int</SEQ>
    <SEQ TYPE="KEYWORD2">\infty</SEQ>
    <SEQ TYPE="KEYWORD2">\inf</SEQ>
    <SEQ TYPE="KEYWORD2">\in</SEQ>
    <SEQ TYPE="KEYWORD2">\imath</SEQ>
    <SEQ TYPE="KEYWORD2">\imath</SEQ>
    <SEQ TYPE="KEYWORD2">\hslash</SEQ>
    <SEQ TYPE="KEYWORD2">\hookrightarrow</SEQ>
    <SEQ TYPE="KEYWORD2">\hookleftarrow</SEQ>
    <SEQ TYPE="KEYWORD2">\hom</SEQ>
    <SEQ TYPE="KEYWORD2">\hline</SEQ>
    <SEQ TYPE="KEYWORD2">\heartsuit</SEQ>
    <SEQ TYPE="KEYWORD2">\hbar</SEQ>
    <SEQ TYPE="KEYWORD1">\hat{</SEQ>
    <SEQ TYPE="KEYWORD2">\gvertneqq</SEQ>
    <SEQ TYPE="KEYWORD2">\gtrsim</SEQ>
    <SEQ TYPE="KEYWORD2">\gtrless</SEQ>
    <SEQ TYPE="KEYWORD2">\gtreqqless</SEQ>
    <SEQ TYPE="KEYWORD2">\gtreqless</SEQ>
    <SEQ TYPE="KEYWORD2">\gtrdot</SEQ>
    <SEQ TYPE="KEYWORD2">\gtrapprox</SEQ>
    <SEQ TYPE="KEYWORD1">\grave{</SEQ>
    <SEQ TYPE="KEYWORD2">\gnsim</SEQ>
    <SEQ TYPE="KEYWORD2">\gneqq</SEQ>
    <SEQ TYPE="KEYWORD2">\gneq</SEQ>
    <SEQ TYPE="KEYWORD2">\gnapprox</SEQ>
    <SEQ TYPE="KEYWORD2">\gnapprox</SEQ>
    <SEQ TYPE="KEYWORD2">\gimel</SEQ>
    <SEQ TYPE="KEYWORD2">\ggg</SEQ>
    <SEQ TYPE="KEYWORD2">\gg</SEQ>
    <SEQ TYPE="KEYWORD2">\geqslant</SEQ>
    <SEQ TYPE="KEYWORD2">\geqq</SEQ>
    <SEQ TYPE="KEYWORD2">\geq</SEQ>
    <SEQ TYPE="KEYWORD2">\gcd</SEQ>
    <SEQ TYPE="KEYWORD2">\gamma</SEQ>
    <SEQ TYPE="KEYWORD2">\frown</SEQ>
    <SEQ TYPE="KEYWORD1">\frak{</SEQ>
    <SEQ TYPE="KEYWORD1">\frac{</SEQ>
    <SEQ TYPE="KEYWORD2">\forall</SEQ>
    <SEQ TYPE="KEYWORD2">\flat</SEQ>
    <SEQ TYPE="KEYWORD2">\fallingdotseq</SEQ>
    <SEQ TYPE="KEYWORD2">\exp</SEQ>
    <SEQ TYPE="KEYWORD2">\exists</SEQ>
    <SEQ TYPE="KEYWORD2">\eth</SEQ>
    <SEQ TYPE="KEYWORD2">\eta</SEQ>
    <SEQ TYPE="KEYWORD2">\equiv</SEQ>
    <SEQ TYPE="KEYWORD2">\eqslantless</SEQ>
    <SEQ TYPE="KEYWORD2">\eqslantgtr</SEQ>
    <SEQ TYPE="KEYWORD2">\eqcirc</SEQ>
    <SEQ TYPE="KEYWORD2">\epsilon</SEQ>
    <SEQ TYPE="KEYWORD1">\ensuremath{</SEQ>
    <SEQ TYPE="KEYWORD1">\end{</SEQ>
    <SEQ TYPE="KEYWORD2">\emptyset</SEQ>
    <SEQ TYPE="KEYWORD2">\ell</SEQ>
    <SEQ TYPE="KEYWORD2">\downharpoonright</SEQ>
    <SEQ TYPE="KEYWORD2">\downharpoonleft</SEQ>
    <SEQ TYPE="KEYWORD2">\downdownarrows</SEQ>
    <SEQ TYPE="KEYWORD2">\downarrow</SEQ>
    <SEQ TYPE="KEYWORD2">\doublebarwedge</SEQ>
    <SEQ TYPE="KEYWORD1">\dot{</SEQ>
    <SEQ TYPE="KEYWORD2">\dotplus</SEQ>
    <SEQ TYPE="KEYWORD2">\doteqdot</SEQ>
    <SEQ TYPE="KEYWORD2">\doteq</SEQ>
    <SEQ TYPE="KEYWORD2">\divideontimes</SEQ>
    <SEQ TYPE="KEYWORD2">\div</SEQ>
    <SEQ TYPE="KEYWORD2">\displaystyle</SEQ>
    <SEQ TYPE="KEYWORD2">\dim</SEQ>
    <SEQ TYPE="KEYWORD2">\digamma</SEQ>
    <SEQ TYPE="KEYWORD2">\diamondsuit</SEQ>
    <SEQ TYPE="KEYWORD2">\diamond</SEQ>
    <SEQ TYPE="KEYWORD2">\diagup</SEQ>
    <SEQ TYPE="KEYWORD2">\diagdown</SEQ>
    <SEQ TYPE="KEYWORD2">\det</SEQ>
    <SEQ TYPE="KEYWORD2">\delta</SEQ>
    <SEQ TYPE="KEYWORD2">\deg</SEQ>
    <SEQ TYPE="KEYWORD1">\ddot{</SEQ>
    <SEQ TYPE="KEYWORD2">\ddots</SEQ>
    <SEQ TYPE="KEYWORD2">\ddagger</SEQ>
    <SEQ TYPE="KEYWORD2">\dashv</SEQ>
    <SEQ TYPE="KEYWORD2">\dashrightarrow</SEQ>
    <SEQ TYPE="KEYWORD2">\dashleftarrow</SEQ>
    <SEQ TYPE="KEYWORD2">\daleth</SEQ>
    <SEQ TYPE="KEYWORD2">\dagger</SEQ>
    <SEQ TYPE="KEYWORD2">\curvearrowright</SEQ>
    <SEQ TYPE="KEYWORD2">\curvearrowleft</SEQ>
    <SEQ TYPE="KEYWORD2">\curlywedge</SEQ>
    <SEQ TYPE="KEYWORD2">\curlyvee</SEQ>
    <SEQ TYPE="KEYWORD2">\curlyeqsucc</SEQ>
    <SEQ TYPE="KEYWORD2">\curlyeqprec</SEQ>
    <SEQ TYPE="KEYWORD2">\cup</SEQ>
    <SEQ TYPE="KEYWORD2">\csc</SEQ>
    <SEQ TYPE="KEYWORD2">\coth</SEQ>
    <SEQ TYPE="KEYWORD2">\cot</SEQ>
    <SEQ TYPE="KEYWORD2">\cosh</SEQ>
    <SEQ TYPE="KEYWORD2">\cos</SEQ>
    <SEQ TYPE="KEYWORD2">\coprod</SEQ>
    <SEQ TYPE="KEYWORD2">\cong</SEQ>
    <SEQ TYPE="KEYWORD2">\complement</SEQ>
    <SEQ TYPE="KEYWORD2">\clubsuit</SEQ>
    <SEQ TYPE="KEYWORD1">\cline{</SEQ>
    <SEQ TYPE="KEYWORD2">\circleddash</SEQ>
    <SEQ TYPE="KEYWORD2">\circledcirc</SEQ>
    <SEQ TYPE="KEYWORD2">\circledast</SEQ>
    <SEQ TYPE="KEYWORD2">\circledS</SEQ>
    <SEQ TYPE="KEYWORD2">\circlearrowright</SEQ>
    <SEQ TYPE="KEYWORD2">\circlearrowleft</SEQ>
    <SEQ TYPE="KEYWORD2">\circeq</SEQ>
    <SEQ TYPE="KEYWORD2">\circ</SEQ>
    <SEQ TYPE="KEYWORD2">\chi</SEQ>
    <SEQ TYPE="KEYWORD1">\check{</SEQ>
    <SEQ TYPE="KEYWORD2">\centerdot</SEQ>
    <SEQ TYPE="KEYWORD2">\cdots</SEQ>
    <SEQ TYPE="KEYWORD2">\cdot</SEQ>
    <SEQ TYPE="KEYWORD2">\cap</SEQ>
    <SEQ TYPE="KEYWORD2">\bumpeq</SEQ>
    <SEQ TYPE="KEYWORD2">\bullet</SEQ>
    <SEQ TYPE="KEYWORD1">\breve{</SEQ>
    <SEQ TYPE="KEYWORD2">\boxtimes</SEQ>
    <SEQ TYPE="KEYWORD2">\boxplus</SEQ>
    <SEQ TYPE="KEYWORD2">\boxminus</SEQ>
    <SEQ TYPE="KEYWORD2">\boxdot</SEQ>
    <SEQ TYPE="KEYWORD2">\bowtie</SEQ>
    <SEQ TYPE="KEYWORD2">\bot</SEQ>
    <SEQ TYPE="KEYWORD1">\boldsymbol{</SEQ>
    <SEQ TYPE="KEYWORD2">\bmod</SEQ>
    <SEQ TYPE="KEYWORD2">\blacktriangleright</SEQ>
    <SEQ TYPE="KEYWORD2">\blacktriangleleft</SEQ>
    <SEQ TYPE="KEYWORD2">\blacktriangledown</SEQ>
    <SEQ TYPE="KEYWORD2">\blacktriangle</SEQ>
    <SEQ TYPE="KEYWORD2">\blacksquare</SEQ>
    <SEQ TYPE="KEYWORD2">\blacklozenge</SEQ>
    <SEQ TYPE="KEYWORD2">\bigwedge</SEQ>
    <SEQ TYPE="KEYWORD2">\bigvee</SEQ>
    <SEQ TYPE="KEYWORD2">\biguplus</SEQ>
    <SEQ TYPE="KEYWORD2">\bigtriangleup</SEQ>
    <SEQ TYPE="KEYWORD2">\bigtriangledown</SEQ>
    <SEQ TYPE="KEYWORD2">\bigstar</SEQ>
    <SEQ TYPE="KEYWORD2">\bigsqcup</SEQ>
    <SEQ TYPE="KEYWORD2">\bigotimes</SEQ>
    <SEQ TYPE="KEYWORD2">\bigoplus</SEQ>
    <SEQ TYPE="KEYWORD2">\bigodot</SEQ>
    <SEQ TYPE="KEYWORD2">\bigcup</SEQ>
    <SEQ TYPE="KEYWORD2">\bigcirc</SEQ>
    <SEQ TYPE="KEYWORD2">\bigcap</SEQ>
    <SEQ TYPE="KEYWORD2">\between</SEQ>
    <SEQ TYPE="KEYWORD2">\beth</SEQ>
    <SEQ TYPE="KEYWORD2">\beta</SEQ>
    <SEQ TYPE="KEYWORD1">\begin{</SEQ>
    <SEQ TYPE="KEYWORD2">\because</SEQ>
    <SEQ TYPE="KEYWORD1">\bar{</SEQ>
    <SEQ TYPE="KEYWORD2">\barwedge</SEQ>
    <SEQ TYPE="KEYWORD2">\backslash</SEQ>
    <SEQ TYPE="KEYWORD2">\backsimeq</SEQ>
    <SEQ TYPE="KEYWORD2">\backsim</SEQ>
    <SEQ TYPE="KEYWORD2">\backprime</SEQ>
    <SEQ TYPE="KEYWORD2">\asymp</SEQ>
    <SEQ TYPE="KEYWORD2">\ast</SEQ>
    <SEQ TYPE="KEYWORD2">\arg</SEQ>
    <SEQ TYPE="KEYWORD2">\arctan</SEQ>
    <SEQ TYPE="KEYWORD2">\arcsin</SEQ>
    <SEQ TYPE="KEYWORD2">\arccos</SEQ>
    <SEQ TYPE="KEYWORD2">\approxeq</SEQ>
    <SEQ TYPE="KEYWORD2">\approx</SEQ>
    <SEQ TYPE="KEYWORD2">\angle</SEQ>
    <SEQ TYPE="KEYWORD2">\angle</SEQ>
    <SEQ TYPE="KEYWORD2">\amalg</SEQ>
    <SEQ TYPE="KEYWORD2">\alpha</SEQ>
    <SEQ TYPE="KEYWORD2">\aleph</SEQ>
    <SEQ TYPE="KEYWORD1">\acute{</SEQ>
    <SEQ TYPE="KEYWORD2">\Xi</SEQ>
    <SEQ TYPE="KEYWORD2">\Vvdash</SEQ>
    <SEQ TYPE="KEYWORD2">\Vdash</SEQ>
    <SEQ TYPE="KEYWORD2">\Upsilon</SEQ>
    <SEQ TYPE="KEYWORD2">\Updownarrow</SEQ>
    <SEQ TYPE="KEYWORD2">\Uparrow</SEQ>
    <SEQ TYPE="KEYWORD2">\Theta</SEQ>
    <SEQ TYPE="KEYWORD2">\Supset</SEQ>
    <SEQ TYPE="KEYWORD2">\Subset</SEQ>
    <SEQ TYPE="KEYWORD2">\Sigma</SEQ>
    <SEQ TYPE="KEYWORD2">\Rsh</SEQ>
    <SEQ TYPE="KEYWORD2">\Rightarrow</SEQ>
    <SEQ TYPE="KEYWORD2">\Re</SEQ>
    <SEQ TYPE="KEYWORD2">\Psi</SEQ>
    <SEQ TYPE="KEYWORD2">\Pr</SEQ>
    <SEQ TYPE="KEYWORD2">\Pi</SEQ>
    <SEQ TYPE="KEYWORD2">\Phi</SEQ>
    <SEQ TYPE="KEYWORD2">\Omega</SEQ>
    <SEQ TYPE="KEYWORD2">\Lsh</SEQ>
    <SEQ TYPE="KEYWORD2">\Longrightarrow</SEQ>
    <SEQ TYPE="KEYWORD2">\Longleftrightarrow</SEQ>
    <SEQ TYPE="KEYWORD2">\Longleftarrow</SEQ>
    <SEQ TYPE="KEYWORD2">\Lleftarrow</SEQ>
    <SEQ TYPE="KEYWORD2">\Leftrightarrow</SEQ>
    <SEQ TYPE="KEYWORD2">\Leftarrow</SEQ>
    <SEQ TYPE="KEYWORD2">\Lambda</SEQ>
    <SEQ TYPE="KEYWORD2">\Im</SEQ>
    <SEQ TYPE="KEYWORD2">\Gamma</SEQ>
    <SEQ TYPE="KEYWORD2">\Game</SEQ>
    <SEQ TYPE="KEYWORD2">\Finv</SEQ>
    <SEQ TYPE="KEYWORD2">\Downarrow</SEQ>
    <SEQ TYPE="KEYWORD2">\Delta</SEQ>
    <SEQ TYPE="KEYWORD2">\Cup</SEQ>
    <SEQ TYPE="KEYWORD2">\Cap</SEQ>
    <SEQ TYPE="KEYWORD2">\Bumpeq</SEQ>
    <SEQ TYPE="KEYWORD1">\Bbb{</SEQ>
    <SEQ TYPE="KEYWORD2">\Bbbk</SEQ>
    <SEQ TYPE="OPERATOR">\;</SEQ>
    <SEQ TYPE="OPERATOR">\:</SEQ>
    <SEQ TYPE="OPERATOR">\,</SEQ>
    <SEQ TYPE="OPERATOR">\!</SEQ>
    <SEQ TYPE="OPERATOR">'</SEQ>
    <SEQ TYPE="OPERATOR">&amp;</SEQ>

    <MARK_FOLLOWING TYPE="KEYWORD4">\</MARK_FOLLOWING>

  </RULES>  <!--  ArrayMode  -->

  <RULES IGNORE_CASE="FALSE" SET="TabularMode">
    <SEQ TYPE="LABEL">__TabularMode__</SEQ>

    <!--  % comments.  -->
    <EOL_SPAN TYPE="COMMENT1">%</EOL_SPAN>

    <!--  "", `', and ``'' quoting.  -->
    <SPAN NO_LINE_BREAK="FALSE" TYPE="LITERAL4"><BEGIN>``</BEGIN><END>''</END></SPAN>
    <SPAN NO_LINE_BREAK="FALSE" TYPE="LITERAL3"><BEGIN>`</BEGIN><END>'</END></SPAN>
    <SPAN NO_LINE_BREAK="FALSE" TYPE="LITERAL1"><BEGIN>"</BEGIN><END>"</END></SPAN>
    <!--  Lone quote characters " and ` are not valid.  -->
    <SEQ TYPE="INVALID">"</SEQ>
    <SEQ TYPE="INVALID">`</SEQ>
    <SEQ TYPE="OPERATOR">~</SEQ>
    <SEQ TYPE="KEYWORD1">}</SEQ>
    <SEQ TYPE="KEYWORD1">{</SEQ>
    <SEQ TYPE="KEYWORD3">totalnumber</SEQ>
    <SEQ TYPE="KEYWORD3">topnumber</SEQ>
    <SEQ TYPE="KEYWORD3">tocdepth</SEQ>
    <SEQ TYPE="KEYWORD3">secnumdepth</SEQ>
    <SEQ TYPE="KEYWORD3">dbltopnumber</SEQ>
    <SEQ TYPE="KEYWORD1">]</SEQ>
    <SEQ TYPE="KEYWORD1">\~{</SEQ>
    <SEQ TYPE="OPERATOR">\~</SEQ>
    <SEQ TYPE="OPERATOR">\}</SEQ>
    <SEQ TYPE="OPERATOR">\|</SEQ>
    <SEQ TYPE="KEYWORD1">\{</SEQ>
    <SEQ TYPE="KEYWORD2">\width</SEQ>
    <SEQ TYPE="KEYWORD1">\whiledo{</SEQ>
    <SEQ TYPE="KEYWORD1">\v{</SEQ>
    <SEQ TYPE="KEYWORD1">\vspace{</SEQ>
    <SEQ TYPE="KEYWORD1">\vspace*{</SEQ>
    <SEQ TYPE="KEYWORD2">\vline</SEQ>
    <SEQ TYPE="KEYWORD2">\vfill</SEQ>
    <SEQ TYPE="KEYWORD2">\verb*</SEQ>
    <SEQ TYPE="KEYWORD2">\verb</SEQ>
    <SEQ TYPE="KEYWORD1">\value{</SEQ>
    <SEQ TYPE="KEYWORD2">\v</SEQ>
    <SEQ TYPE="KEYWORD1">\u{</SEQ>
    <SEQ TYPE="KEYWORD1">\usepackage{</SEQ>
    <SEQ TYPE="KEYWORD1">\usepackage[</SEQ>
    <SEQ TYPE="KEYWORD1">\usecounter{</SEQ>
    <SEQ TYPE="KEYWORD1">\usebox{</SEQ>
    <SEQ TYPE="KEYWORD2">\upshape</SEQ>
    <SEQ TYPE="KEYWORD1">\unboldmath{</SEQ>
    <SEQ TYPE="KEYWORD2">\u</SEQ>
    <SEQ TYPE="KEYWORD1">\t{</SEQ>
    <SEQ TYPE="KEYWORD1">\typeout{</SEQ>
    <SEQ TYPE="KEYWORD1">\typein{</SEQ>
    <SEQ TYPE="KEYWORD1">\typein[</SEQ>
    <SEQ TYPE="KEYWORD1">\twocolumn[</SEQ>
    <SEQ TYPE="KEYWORD2">\twocolumn</SEQ>
    <SEQ TYPE="KEYWORD2">\ttfamily</SEQ>
    <SEQ TYPE="KEYWORD2">\totalheight</SEQ>
    <SEQ TYPE="KEYWORD3">\topsep</SEQ>
    <SEQ TYPE="KEYWORD3">\topfraction</SEQ>
    <SEQ TYPE="KEYWORD2">\today</SEQ>
    <SEQ TYPE="KEYWORD1">\title{</SEQ>
    <SEQ TYPE="KEYWORD2">\tiny</SEQ>
    <SEQ TYPE="KEYWORD1">\thispagestyle{</SEQ>
    <SEQ TYPE="KEYWORD2">\thinlines</SEQ>
    <SEQ TYPE="KEYWORD2">\thicklines</SEQ>
    <SEQ TYPE="KEYWORD1">\thanks{</SEQ>
    <SEQ TYPE="KEYWORD3">\textwidth</SEQ>
    <SEQ TYPE="KEYWORD1">\textup{</SEQ>
    <SEQ TYPE="KEYWORD1">\texttt{</SEQ>
    <SEQ TYPE="KEYWORD1">\textsl{</SEQ>
    <SEQ TYPE="KEYWORD1">\textsf{</SEQ>
    <SEQ TYPE="KEYWORD1">\textsc{</SEQ>
    <SEQ TYPE="KEYWORD1">\textrm{</SEQ>
    <SEQ TYPE="KEYWORD1">\textnormal{</SEQ>
    <SEQ TYPE="KEYWORD1">\textmd{</SEQ>
    <SEQ TYPE="KEYWORD1">\textit{</SEQ>
    <SEQ TYPE="KEYWORD3">\textfraction</SEQ>
    <SEQ TYPE="KEYWORD3">\textfloatsep</SEQ>
    <SEQ TYPE="KEYWORD1">\textcolor{</SEQ>
    <SEQ TYPE="KEYWORD1">\textbf{</SEQ>
    <SEQ TYPE="KEYWORD2">\tableofcontents</SEQ>
    <SEQ TYPE="KEYWORD3">\tabcolsep</SEQ>
    <SEQ TYPE="KEYWORD3">\tabbingsep</SEQ>
    <SEQ TYPE="KEYWORD2">\t</SEQ>
    <SEQ TYPE="KEYWORD1">\symbol{</SEQ>
    <SEQ TYPE="KEYWORD1">\suppressfloats[</SEQ>
    <SEQ TYPE="KEYWORD2">\suppressfloats</SEQ>
    <SEQ TYPE="KEYWORD1">\subsubsection{</SEQ>
    <SEQ TYPE="KEYWORD1">\subsubsection[</SEQ>
    <SEQ TYPE="KEYWORD1">\subsubsection*{</SEQ>
    <SEQ TYPE="KEYWORD1">\subsection{</SEQ>
    <SEQ TYPE="KEYWORD1">\subsection[</SEQ>
    <SEQ TYPE="KEYWORD1">\subsection*{</SEQ>
    <SEQ TYPE="KEYWORD1">\subparagraph{</SEQ>
    <SEQ TYPE="KEYWORD1">\subparagraph[</SEQ>
    <SEQ TYPE="KEYWORD1">\subparagraph*{</SEQ>
    <SEQ TYPE="KEYWORD1">\stretch{</SEQ>
    <SEQ TYPE="KEYWORD1">\stepcounter{</SEQ>
    <SEQ TYPE="KEYWORD2">\smallskip</SEQ>
    <SEQ TYPE="KEYWORD2">\small</SEQ>
    <SEQ TYPE="KEYWORD2">\slshape</SEQ>
    <SEQ TYPE="KEYWORD2">\sloppy</SEQ>
    <SEQ TYPE="KEYWORD2">\sffamily</SEQ>
    <SEQ TYPE="KEYWORD1">\settowidth{</SEQ>
    <SEQ TYPE="KEYWORD1">\settoheight{</SEQ>
    <SEQ TYPE="KEYWORD1">\settodepth{</SEQ>
    <SEQ TYPE="KEYWORD1">\setlength{</SEQ>
    <SEQ TYPE="KEYWORD1">\setcounter{</SEQ>
    <SEQ TYPE="KEYWORD1">\section{</SEQ>
    <SEQ TYPE="KEYWORD1">\section[</SEQ>
    <SEQ TYPE="KEYWORD1">\section*{</SEQ>
    <SEQ TYPE="KEYWORD2">\scshape</SEQ>
    <SEQ TYPE="KEYWORD2">\scriptsize</SEQ>
    <SEQ TYPE="KEYWORD1">\scalebox{</SEQ>
    <SEQ TYPE="KEYWORD1">\sbox{</SEQ>
    <SEQ TYPE="KEYWORD1">\savebox{</SEQ>
    <SEQ TYPE="KEYWORD1">\rule{</SEQ>
    <SEQ TYPE="KEYWORD1">\rule[</SEQ>
    <SEQ TYPE="KEYWORD1">\rp,am{</SEQ>
    <SEQ TYPE="KEYWORD1">\rotatebox{</SEQ>
    <SEQ TYPE="KEYWORD2">\rmfamily</SEQ>
    <SEQ TYPE="KEYWORD3">\rightmargin</SEQ>
    <SEQ TYPE="KEYWORD2">\reversemarginpar</SEQ>
    <SEQ TYPE="KEYWORD1">\resizebox{</SEQ>
    <SEQ TYPE="KEYWORD1">\resizebox*{</SEQ>
    <SEQ TYPE="KEYWORD1">\renewenvironment{</SEQ>
    <SEQ TYPE="KEYWORD1">\renewcommand{</SEQ>
    <SEQ TYPE="KEYWORD1">\ref{</SEQ>
    <SEQ TYPE="KEYWORD2">\refstepcounter</SEQ>
    <SEQ TYPE="KEYWORD1">\raisebox{</SEQ>
    <SEQ TYPE="KEYWORD2">\raggedright</SEQ>
    <SEQ TYPE="KEYWORD2">\raggedleft</SEQ>
    <SEQ TYPE="KEYWORD3">\qbeziermax</SEQ>
    <SEQ TYPE="KEYWORD1">\providecommand{</SEQ>
    <SEQ TYPE="KEYWORD2">\protect</SEQ>
    <SEQ TYPE="KEYWORD2">\printindex</SEQ>
    <SEQ TYPE="KEYWORD2">\pounds</SEQ>
    <SEQ TYPE="KEYWORD1">\part{</SEQ>
    <SEQ TYPE="KEYWORD3">\partopsep</SEQ>
    <SEQ TYPE="KEYWORD1">\part[</SEQ>
    <SEQ TYPE="KEYWORD1">\part*{</SEQ>
    <SEQ TYPE="KEYWORD3">\parskip</SEQ>
    <SEQ TYPE="KEYWORD3">\parsep</SEQ>
    <SEQ TYPE="KEYWORD3">\parindent</SEQ>
    <SEQ TYPE="KEYWORD1">\parbox{</SEQ>
    <SEQ TYPE="KEYWORD1">\parbox[</SEQ>
    <SEQ TYPE="KEYWORD1">\paragraph{</SEQ>
    <SEQ TYPE="KEYWORD1">\paragraph[</SEQ>
    <SEQ TYPE="KEYWORD1">\paragraph*{</SEQ>
    <SEQ TYPE="KEYWORD2">\par</SEQ>
    <SEQ TYPE="KEYWORD1">\pagestyle{</SEQ>
    <SEQ TYPE="KEYWORD1">\pageref{</SEQ>
    <SEQ TYPE="KEYWORD1">\pagenumbering{</SEQ>
    <SEQ TYPE="KEYWORD1">\pagecolor{</SEQ>
    <SEQ TYPE="KEYWORD1">\pagebreak[</SEQ>
    <SEQ TYPE="KEYWORD2">\pagebreak</SEQ>
    <SEQ TYPE="KEYWORD2">\onecolumn</SEQ>
    <SEQ TYPE="KEYWORD2">\normalsize</SEQ>
    <SEQ TYPE="KEYWORD2">\normalmarginpar</SEQ>
    <SEQ TYPE="KEYWORD2">\normalfont</SEQ>
    <SEQ TYPE="KEYWORD1">\nopagebreak[</SEQ>
    <SEQ TYPE="KEYWORD2">\nopagebreak</SEQ>
    <SEQ TYPE="KEYWORD2">\nonfrenchspacing</SEQ>
    <SEQ TYPE="KEYWORD1">\nolinebreak[</SEQ>
    <SEQ TYPE="KEYWORD2">\nolinebreak</SEQ>
    <SEQ TYPE="KEYWORD2">\noindent</SEQ>
    <SEQ TYPE="KEYWORD1">\nocite{</SEQ>
    <SEQ TYPE="KEYWORD1">\newtheorem{</SEQ>
    <SEQ TYPE="KEYWORD1">\newsavebox{</SEQ>
    <SEQ TYPE="KEYWORD2">\newpage</SEQ>
    <SEQ TYPE="KEYWORD1">\newlength{</SEQ>
    <SEQ TYPE="KEYWORD1">\newenvironment{</SEQ>
    <SEQ TYPE="KEYWORD1">\newcounter{</SEQ>
    <SEQ TYPE="KEYWORD1">\newcommand{</SEQ>
    <SEQ TYPE="KEYWORD1">\multicolumn{</SEQ>
    <SEQ TYPE="KEYWORD2">\medskip</SEQ>
    <SEQ TYPE="KEYWORD2">\mdseries</SEQ>
    <SEQ TYPE="KEYWORD1">\mbox{</SEQ>
    <SEQ TYPE="KEYWORD1">\mbox{</SEQ>
    <SEQ TYPE="KEYWORD3">\mathindent</SEQ>
    <SEQ TYPE="KEYWORD3">\mathindent</SEQ>
    <SEQ TYPE="KEYWORD1">\markright{</SEQ>
    <SEQ TYPE="KEYWORD1">\markboth{</SEQ>
    <SEQ TYPE="KEYWORD1">\marginpar{</SEQ>
    <SEQ TYPE="KEYWORD3">\marginparwidth</SEQ>
    <SEQ TYPE="KEYWORD3">\marginparsep</SEQ>
    <SEQ TYPE="KEYWORD3">\marginparpush</SEQ>
    <SEQ TYPE="KEYWORD1">\marginpar[</SEQ>
    <SEQ TYPE="KEYWORD2">\maketitle</SEQ>
    <SEQ TYPE="KEYWORD3">\makelabel</SEQ>
    <SEQ TYPE="KEYWORD2">\makeindex</SEQ>
    <SEQ TYPE="KEYWORD2">\makeglossary</SEQ>
    <SEQ TYPE="KEYWORD1">\makebox{</SEQ>
    <SEQ TYPE="KEYWORD1">\makebox[</SEQ>
    <SEQ TYPE="KEYWORD3">\listparindent</SEQ>
    <SEQ TYPE="KEYWORD2">\listoftables</SEQ>
    <SEQ TYPE="KEYWORD2">\listoffigures</SEQ>
    <SEQ TYPE="KEYWORD2">\listfiles</SEQ>
    <SEQ TYPE="KEYWORD3">\linewidth</SEQ>
    <SEQ TYPE="KEYWORD1">\linethickness{</SEQ>
    <SEQ TYPE="KEYWORD1">\linebreak[</SEQ>
    <SEQ TYPE="KEYWORD2">\linebreak</SEQ>
    <SEQ TYPE="KEYWORD1">\lengthtest{</SEQ>
    <SEQ TYPE="KEYWORD3">\leftmarginvi</SEQ>
    <SEQ TYPE="KEYWORD3">\leftmarginv</SEQ>
    <SEQ TYPE="KEYWORD3">\leftmarginiv</SEQ>
    <SEQ TYPE="KEYWORD3">\leftmarginiii</SEQ>
    <SEQ TYPE="KEYWORD3">\leftmarginii</SEQ>
    <SEQ TYPE="KEYWORD3">\leftmargini</SEQ>
    <SEQ TYPE="KEYWORD3">\leftmargin</SEQ>
    <SEQ TYPE="KEYWORD2">\large</SEQ>
    <SEQ TYPE="KEYWORD1">\label{</SEQ>
    <SEQ TYPE="KEYWORD3">\labelwidth</SEQ>
    <SEQ TYPE="KEYWORD3">\labelsep</SEQ>
    <SEQ TYPE="KEYWORD3">\jot</SEQ>
    <SEQ TYPE="KEYWORD2">\itshape</SEQ>
    <SEQ TYPE="KEYWORD3">\itemsep</SEQ>
    <SEQ TYPE="KEYWORD3">\itemindent</SEQ>
    <SEQ TYPE="KEYWORD1">\item[</SEQ>
    <SEQ TYPE="KEYWORD2">\item</SEQ>
    <SEQ TYPE="KEYWORD1">\isodd{</SEQ>
    <SEQ TYPE="KEYWORD3">\intextsep</SEQ>
    <SEQ TYPE="KEYWORD1">\input{</SEQ>
    <SEQ TYPE="KEYWORD1">\index{</SEQ>
    <SEQ TYPE="KEYWORD2">\indent</SEQ>
    <SEQ TYPE="KEYWORD1">\include{</SEQ>
    <SEQ TYPE="KEYWORD1">\includeonly{</SEQ>
    <SEQ TYPE="KEYWORD1">\includegraphics{</SEQ>
    <SEQ TYPE="KEYWORD1">\includegraphics[</SEQ>
    <SEQ TYPE="KEYWORD1">\includegraphics*{</SEQ>
    <SEQ TYPE="KEYWORD1">\includegraphics*[</SEQ>
    <SEQ TYPE="KEYWORD1">\ifthenelse{</SEQ>
    <SEQ TYPE="KEYWORD1">\hyphenation{</SEQ>
    <SEQ TYPE="KEYWORD2">\huge</SEQ>
    <SEQ TYPE="KEYWORD1">\hspace{</SEQ>
    <SEQ TYPE="KEYWORD1">\hspace*{</SEQ>
    <SEQ TYPE="KEYWORD2">\hline</SEQ>
    <SEQ TYPE="KEYWORD2">\hfill</SEQ>
    <SEQ TYPE="KEYWORD2">\height</SEQ>
    <SEQ TYPE="KEYWORD1">\glossary{</SEQ>
    <SEQ TYPE="KEYWORD2">\fussy</SEQ>
    <SEQ TYPE="KEYWORD2">\frenchspacing</SEQ>
    <SEQ TYPE="KEYWORD1">\framebox{</SEQ>
    <SEQ TYPE="KEYWORD1">\framebox[</SEQ>
    <SEQ TYPE="KEYWORD2">\fragile</SEQ>
    <SEQ TYPE="KEYWORD1">\footnote{</SEQ>
    <SEQ TYPE="KEYWORD1">\footnotetext{</SEQ>
    <SEQ TYPE="KEYWORD1">\footnotetext[</SEQ>
    <SEQ TYPE="KEYWORD2">\footnotesize</SEQ>
    <SEQ TYPE="KEYWORD3">\footnotesep</SEQ>
    <SEQ TYPE="KEYWORD3">\footnoterule</SEQ>
    <SEQ TYPE="KEYWORD1">\footnotemark[</SEQ>
    <SEQ TYPE="KEYWORD2">\footnotemark</SEQ>
    <SEQ TYPE="KEYWORD1">\footnote[</SEQ>
    <SEQ TYPE="KEYWORD1">\fnsymbol{</SEQ>
    <SEQ TYPE="KEYWORD3">\floatsep</SEQ>
    <SEQ TYPE="KEYWORD3">\floatpagefraction</SEQ>
    <SEQ TYPE="KEYWORD2">\fill</SEQ>
    <SEQ TYPE="KEYWORD1">\fcolorbox{</SEQ>
    <SEQ TYPE="KEYWORD1">\fbox{</SEQ>
    <SEQ TYPE="KEYWORD3">\fboxsep</SEQ>
    <SEQ TYPE="KEYWORD3">\fboxrule</SEQ>
    <SEQ TYPE="KEYWORD1">\equal{</SEQ>
    <SEQ TYPE="KEYWORD1">\ensuremath{</SEQ>
    <SEQ TYPE="KEYWORD1">\enlargethispage{</SEQ>
    <SEQ TYPE="KEYWORD1">\enlargethispage*{</SEQ>
    <SEQ TYPE="KEYWORD1">\end{</SEQ>
    <SEQ TYPE="KEYWORD1">\emph{</SEQ>
    <SEQ TYPE="KEYWORD1">\d{</SEQ>
    <SEQ TYPE="KEYWORD3">\doublerulesep</SEQ>
    <SEQ TYPE="KEYWORD1">\documentclass{</SEQ>
    <SEQ TYPE="KEYWORD1">\documentclass[</SEQ>
    <SEQ TYPE="KEYWORD2">\depth</SEQ>
    <SEQ TYPE="KEYWORD1">\definecolor{</SEQ>
    <SEQ TYPE="KEYWORD2">\ddag</SEQ>
    <SEQ TYPE="KEYWORD3">\dbltopfraction</SEQ>
    <SEQ TYPE="KEYWORD3">\dbltextfloatsep</SEQ>
    <SEQ TYPE="KEYWORD3">\dblfloatsep</SEQ>
    <SEQ TYPE="KEYWORD3">\dblfloatpagefraction</SEQ>
    <SEQ TYPE="KEYWORD1">\date{</SEQ>
    <SEQ TYPE="KEYWORD2">\dag</SEQ>
    <SEQ TYPE="KEYWORD2">\d</SEQ>
    <SEQ TYPE="KEYWORD1">\c{</SEQ>
    <SEQ TYPE="KEYWORD2">\copyright</SEQ>
    <SEQ TYPE="KEYWORD3">\columnwidth</SEQ>
    <SEQ TYPE="KEYWORD3">\columnseprule</SEQ>
    <SEQ TYPE="KEYWORD3">\columnsep</SEQ>
    <SEQ TYPE="KEYWORD1">\color{</SEQ>
    <SEQ TYPE="KEYWORD1">\colorbox{</SEQ>
    <SEQ TYPE="KEYWORD1">\cline{</SEQ>
    <SEQ TYPE="KEYWORD2">\clearpage</SEQ>
    <SEQ TYPE="KEYWORD2">\cleardoublepage</SEQ>
    <SEQ TYPE="KEYWORD1">\cite{</SEQ>
    <SEQ TYPE="KEYWORD1">\cite[</SEQ>
    <SEQ TYPE="KEYWORD1">\chapter{</SEQ>
    <SEQ TYPE="KEYWORD1">\chapter[</SEQ>
    <SEQ TYPE="KEYWORD1">\chapter*{</SEQ>
    <SEQ TYPE="KEYWORD2">\centering</SEQ>
    <SEQ TYPE="KEYWORD1">\caption{</SEQ>
    <SEQ TYPE="KEYWORD1">\caption[</SEQ>
    <SEQ TYPE="KEYWORD2">\c</SEQ>
    <SEQ TYPE="KEYWORD1">\b{</SEQ>
    <SEQ TYPE="KEYWORD3">\bottomnumber</SEQ>
    <SEQ TYPE="KEYWORD3">\bottomfraction</SEQ>
    <SEQ TYPE="KEYWORD1">\boolean{</SEQ>
    <SEQ TYPE="KEYWORD1">\boldmath{</SEQ>
    <SEQ TYPE="KEYWORD2">\bigskip</SEQ>
    <SEQ TYPE="KEYWORD1">\bibliography{</SEQ>
    <SEQ TYPE="KEYWORD1">\bibliographystyle{</SEQ>
    <SEQ TYPE="KEYWORD3">\bibindent</SEQ>
    <SEQ TYPE="KEYWORD2">\bfseries</SEQ>
    <SEQ TYPE="KEYWORD3">\belowdisplayskip</SEQ>
    <SEQ TYPE="KEYWORD3">\belowdisplayshortskip</SEQ>
    <SEQ TYPE="KEYWORD1">\begin{</SEQ>
    <SEQ TYPE="KEYWORD3">\baselinestretch</SEQ>
    <SEQ TYPE="KEYWORD3">\baselineskip</SEQ>
    <SEQ TYPE="KEYWORD2">\b</SEQ>
    <SEQ TYPE="KEYWORD1">\author{</SEQ>
    <SEQ TYPE="KEYWORD3">\arraystgretch</SEQ>
    <SEQ TYPE="KEYWORD3">\arrayrulewidth</SEQ>
    <SEQ TYPE="KEYWORD3">\arraycolsep</SEQ>
    <SEQ TYPE="KEYWORD1">\arabic{</SEQ>
    <SEQ TYPE="KEYWORD2">\appendix</SEQ>
    <SEQ TYPE="KEYWORD1">\alph{</SEQ>
    <SEQ TYPE="KEYWORD1">\addvspace{</SEQ>
    <SEQ TYPE="KEYWORD1">\addtolength{</SEQ>
    <SEQ TYPE="KEYWORD1">\addtocounter{</SEQ>
    <SEQ TYPE="KEYWORD1">\addtocontents{</SEQ>
    <SEQ TYPE="KEYWORD1">\addcontentsline{</SEQ>
    <SEQ TYPE="KEYWORD3">\abovedisplayskip</SEQ>
    <SEQ TYPE="KEYWORD3">\abovedisplayshortskip</SEQ>
    <SEQ TYPE="KEYWORD1">\`{</SEQ>
    <SEQ TYPE="OPERATOR">\`</SEQ>
    <SEQ TYPE="OPERATOR">\_</SEQ>
    <SEQ TYPE="KEYWORD1">\^{</SEQ>
    <SEQ TYPE="OPERATOR">\^</SEQ>
    <SEQ TYPE="KEYWORD1">\\[</SEQ>
    <SEQ TYPE="KEYWORD1">\\*[</SEQ>
    <SEQ TYPE="OPERATOR">\\*</SEQ>
    <SEQ TYPE="OPERATOR">\\</SEQ>
    <SEQ TYPE="KEYWORD2">\TeX</SEQ>
    <SEQ TYPE="KEYWORD2">\S</SEQ>
    <SEQ TYPE="KEYWORD1">\Roman{</SEQ>
    <SEQ TYPE="KEYWORD2">\P</SEQ>
    <SEQ TYPE="KEYWORD2">\Large</SEQ>
    <SEQ TYPE="KEYWORD2">\LaTeX</SEQ>
    <SEQ TYPE="KEYWORD2">\LARGE</SEQ>
    <SEQ TYPE="KEYWORD1">\H{</SEQ>
    <SEQ TYPE="KEYWORD2">\Huge</SEQ>
    <SEQ TYPE="KEYWORD2">\H</SEQ>
    <SEQ TYPE="KEYWORD1">\Alph{</SEQ>
    <SEQ TYPE="OPERATOR">\@</SEQ>
    <SEQ TYPE="KEYWORD1">\={</SEQ>
    <SEQ TYPE="OPERATOR">\=</SEQ>
    <SEQ TYPE="KEYWORD1">\.{</SEQ>
    <SEQ TYPE="OPERATOR">\.</SEQ>
    <SEQ TYPE="OPERATOR">\-</SEQ>
    <SEQ TYPE="OPERATOR">\,</SEQ>
    <SEQ TYPE="KEYWORD1">\'{</SEQ>
    <SEQ TYPE="OPERATOR">\'</SEQ>
    <SEQ TYPE="OPERATOR">\&amp;</SEQ>
    <SEQ TYPE="OPERATOR">\%</SEQ>
    <SEQ TYPE="OPERATOR">\$</SEQ>
    <SEQ TYPE="OPERATOR">\#</SEQ>
    <SEQ TYPE="KEYWORD1">\"{</SEQ>
    <SEQ TYPE="OPERATOR">\"</SEQ>
    <SEQ TYPE="OPERATOR">\ </SEQ>
    <SEQ TYPE="KEYWORD1">[</SEQ>
    <SEQ TYPE="OPERATOR">---</SEQ>
    <SEQ TYPE="OPERATOR">--</SEQ>
    <SEQ TYPE="OPERATOR">-</SEQ>
    <SEQ TYPE="OPERATOR">&amp;</SEQ>

    <MARK_FOLLOWING TYPE="KEYWORD4">\</MARK_FOLLOWING>

  </RULES>  <!--  TabularMode  -->

  <RULES IGNORE_CASE="FALSE" SET="TabbingMode">
    <SEQ TYPE="LABEL">__TabbingMode__</SEQ>

    <!--  % comments.  -->
    <EOL_SPAN TYPE="COMMENT1">%</EOL_SPAN>

    <!--  "", `', and ``'' quoting.  -->
    <SPAN NO_LINE_BREAK="FALSE" TYPE="LITERAL4"><BEGIN>``</BEGIN><END>''</END></SPAN>
    <SPAN NO_LINE_BREAK="FALSE" TYPE="LITERAL3"><BEGIN>`</BEGIN><END>'</END></SPAN>
    <SPAN NO_LINE_BREAK="FALSE" TYPE="LITERAL1"><BEGIN>"</BEGIN><END>"</END></SPAN>
    <!--  Lone quote characters " and ` are not valid.  -->
    <SEQ TYPE="INVALID">"</SEQ>
    <SEQ TYPE="INVALID">`</SEQ>
    <SEQ TYPE="OPERATOR">~</SEQ>
    <SEQ TYPE="KEYWORD1">}</SEQ>
    <SEQ TYPE="KEYWORD1">{</SEQ>
    <SEQ TYPE="KEYWORD3">totalnumber</SEQ>
    <SEQ TYPE="KEYWORD3">topnumber</SEQ>
    <SEQ TYPE="KEYWORD3">tocdepth</SEQ>
    <SEQ TYPE="KEYWORD3">secnumdepth</SEQ>
    <SEQ TYPE="KEYWORD3">dbltopnumber</SEQ>
    <SEQ TYPE="KEYWORD1">]</SEQ>
    <SEQ TYPE="KEYWORD1">\~{</SEQ>
    <SEQ TYPE="OPERATOR">\~</SEQ>
    <SEQ TYPE="OPERATOR">\}</SEQ>
    <SEQ TYPE="OPERATOR">\|</SEQ>
    <SEQ TYPE="KEYWORD1">\{</SEQ>
    <SEQ TYPE="KEYWORD2">\width</SEQ>
    <SEQ TYPE="KEYWORD1">\whiledo{</SEQ>
    <SEQ TYPE="KEYWORD1">\v{</SEQ>
    <SEQ TYPE="KEYWORD1">\vspace{</SEQ>
    <SEQ TYPE="KEYWORD1">\vspace*{</SEQ>
    <SEQ TYPE="KEYWORD2">\vfill</SEQ>
    <SEQ TYPE="KEYWORD2">\verb*</SEQ>
    <SEQ TYPE="KEYWORD2">\verb</SEQ>
    <SEQ TYPE="KEYWORD1">\value{</SEQ>
    <SEQ TYPE="KEYWORD2">\v</SEQ>
    <SEQ TYPE="KEYWORD1">\u{</SEQ>
    <SEQ TYPE="KEYWORD1">\usepackage{</SEQ>
    <SEQ TYPE="KEYWORD1">\usepackage[</SEQ>
    <SEQ TYPE="KEYWORD1">\usecounter{</SEQ>
    <SEQ TYPE="KEYWORD1">\usebox{</SEQ>
    <SEQ TYPE="KEYWORD2">\upshape</SEQ>
    <SEQ TYPE="KEYWORD1">\unboldmath{</SEQ>
    <SEQ TYPE="KEYWORD2">\u</SEQ>
    <SEQ TYPE="KEYWORD1">\t{</SEQ>
    <SEQ TYPE="KEYWORD1">\typeout{</SEQ>
    <SEQ TYPE="KEYWORD1">\typein{</SEQ>
    <SEQ TYPE="KEYWORD1">\typein[</SEQ>
    <SEQ TYPE="KEYWORD1">\twocolumn[</SEQ>
    <SEQ TYPE="KEYWORD2">\twocolumn</SEQ>
    <SEQ TYPE="KEYWORD2">\ttfamily</SEQ>
    <SEQ TYPE="KEYWORD2">\totalheight</SEQ>
    <SEQ TYPE="KEYWORD3">\topsep</SEQ>
    <SEQ TYPE="KEYWORD3">\topfraction</SEQ>
    <SEQ TYPE="KEYWORD2">\today</SEQ>
    <SEQ TYPE="KEYWORD1">\title{</SEQ>
    <SEQ TYPE="KEYWORD2">\tiny</SEQ>
    <SEQ TYPE="KEYWORD1">\thispagestyle{</SEQ>
    <SEQ TYPE="KEYWORD2">\thinlines</SEQ>
    <SEQ TYPE="KEYWORD2">\thicklines</SEQ>
    <SEQ TYPE="KEYWORD1">\thanks{</SEQ>
    <SEQ TYPE="KEYWORD3">\textwidth</SEQ>
    <SEQ TYPE="KEYWORD1">\textup{</SEQ>
    <SEQ TYPE="KEYWORD1">\texttt{</SEQ>
    <SEQ TYPE="KEYWORD1">\textsl{</SEQ>
    <SEQ TYPE="KEYWORD1">\textsf{</SEQ>
    <SEQ TYPE="KEYWORD1">\textsc{</SEQ>
    <SEQ TYPE="KEYWORD1">\textrm{</SEQ>
    <SEQ TYPE="KEYWORD1">\textnormal{</SEQ>
    <SEQ TYPE="KEYWORD1">\textmd{</SEQ>
    <SEQ TYPE="KEYWORD1">\textit{</SEQ>
    <SEQ TYPE="KEYWORD3">\textfraction</SEQ>
    <SEQ TYPE="KEYWORD3">\textfloatsep</SEQ>
    <SEQ TYPE="KEYWORD1">\textcolor{</SEQ>
    <SEQ TYPE="KEYWORD1">\textbf{</SEQ>
    <SEQ TYPE="KEYWORD2">\tableofcontents</SEQ>
    <SEQ TYPE="KEYWORD3">\tabcolsep</SEQ>
    <SEQ TYPE="KEYWORD3">\tabbingsep</SEQ>
    <SEQ TYPE="KEYWORD2">\t</SEQ>
    <SEQ TYPE="KEYWORD1">\symbol{</SEQ>
    <SEQ TYPE="KEYWORD1">\suppressfloats[</SEQ>
    <SEQ TYPE="KEYWORD2">\suppressfloats</SEQ>
    <SEQ TYPE="KEYWORD1">\subsubsection{</SEQ>
    <SEQ TYPE="KEYWORD1">\subsubsection[</SEQ>
    <SEQ TYPE="KEYWORD1">\subsubsection*{</SEQ>
    <SEQ TYPE="KEYWORD1">\subsection{</SEQ>
    <SEQ TYPE="KEYWORD1">\subsection[</SEQ>
    <SEQ TYPE="KEYWORD1">\subsection*{</SEQ>
    <SEQ TYPE="KEYWORD1">\subparagraph{</SEQ>
    <SEQ TYPE="KEYWORD1">\subparagraph[</SEQ>
    <SEQ TYPE="KEYWORD1">\subparagraph*{</SEQ>
    <SEQ TYPE="KEYWORD1">\stretch{</SEQ>
    <SEQ TYPE="KEYWORD1">\stepcounter{</SEQ>
    <SEQ TYPE="KEYWORD2">\smallskip</SEQ>
    <SEQ TYPE="KEYWORD2">\small</SEQ>
    <SEQ TYPE="KEYWORD2">\slshape</SEQ>
    <SEQ TYPE="KEYWORD2">\sloppy</SEQ>
    <SEQ TYPE="KEYWORD2">\sffamily</SEQ>
    <SEQ TYPE="KEYWORD1">\settowidth{</SEQ>
    <SEQ TYPE="KEYWORD1">\settoheight{</SEQ>
    <SEQ TYPE="KEYWORD1">\settodepth{</SEQ>
    <SEQ TYPE="KEYWORD1">\setlength{</SEQ>
    <SEQ TYPE="KEYWORD1">\setcounter{</SEQ>
    <SEQ TYPE="KEYWORD1">\section{</SEQ>
    <SEQ TYPE="KEYWORD1">\section[</SEQ>
    <SEQ TYPE="KEYWORD1">\section*{</SEQ>
    <SEQ TYPE="KEYWORD2">\scshape</SEQ>
    <SEQ TYPE="KEYWORD2">\scriptsize</SEQ>
    <SEQ TYPE="KEYWORD1">\scalebox{</SEQ>
    <SEQ TYPE="KEYWORD1">\sbox{</SEQ>
    <SEQ TYPE="KEYWORD1">\savebox{</SEQ>
    <SEQ TYPE="KEYWORD1">\rule{</SEQ>
    <SEQ TYPE="KEYWORD1">\rule[</SEQ>
    <SEQ TYPE="KEYWORD1">\rp,am{</SEQ>
    <SEQ TYPE="KEYWORD1">\rotatebox{</SEQ>
    <SEQ TYPE="KEYWORD2">\rmfamily</SEQ>
    <SEQ TYPE="KEYWORD3">\rightmargin</SEQ>
    <SEQ TYPE="KEYWORD2">\reversemarginpar</SEQ>
    <SEQ TYPE="KEYWORD1">\resizebox{</SEQ>
    <SEQ TYPE="KEYWORD1">\resizebox*{</SEQ>
    <SEQ TYPE="KEYWORD1">\renewenvironment{</SEQ>
    <SEQ TYPE="KEYWORD1">\renewcommand{</SEQ>
    <SEQ TYPE="KEYWORD1">\ref{</SEQ>
    <SEQ TYPE="KEYWORD2">\refstepcounter</SEQ>
    <SEQ TYPE="KEYWORD1">\raisebox{</SEQ>
    <SEQ TYPE="KEYWORD2">\raggedright</SEQ>
    <SEQ TYPE="KEYWORD2">\raggedleft</SEQ>
    <SEQ TYPE="KEYWORD3">\qbeziermax</SEQ>
    <SEQ TYPE="KEYWORD2">\pushtabs</SEQ>
    <SEQ TYPE="KEYWORD1">\providecommand{</SEQ>
    <SEQ TYPE="KEYWORD2">\protect</SEQ>
    <SEQ TYPE="KEYWORD2">\printindex</SEQ>
    <SEQ TYPE="KEYWORD2">\pounds</SEQ>
    <SEQ TYPE="KEYWORD2">\poptabs</SEQ>
    <SEQ TYPE="KEYWORD1">\part{</SEQ>
    <SEQ TYPE="KEYWORD3">\partopsep</SEQ>
    <SEQ TYPE="KEYWORD1">\part[</SEQ>
    <SEQ TYPE="KEYWORD1">\part*{</SEQ>
    <SEQ TYPE="KEYWORD3">\parskip</SEQ>
    <SEQ TYPE="KEYWORD3">\parsep</SEQ>
    <SEQ TYPE="KEYWORD3">\parindent</SEQ>
    <SEQ TYPE="KEYWORD1">\parbox{</SEQ>
    <SEQ TYPE="KEYWORD1">\parbox[</SEQ>
    <SEQ TYPE="KEYWORD1">\paragraph{</SEQ>
    <SEQ TYPE="KEYWORD1">\paragraph[</SEQ>
    <SEQ TYPE="KEYWORD1">\paragraph*{</SEQ>
    <SEQ TYPE="KEYWORD2">\par</SEQ>
    <SEQ TYPE="KEYWORD1">\pagestyle{</SEQ>
    <SEQ TYPE="KEYWORD1">\pageref{</SEQ>
    <SEQ TYPE="KEYWORD1">\pagenumbering{</SEQ>
    <SEQ TYPE="KEYWORD1">\pagecolor{</SEQ>
    <SEQ TYPE="KEYWORD1">\pagebreak[</SEQ>
    <SEQ TYPE="KEYWORD2">\pagebreak</SEQ>
    <SEQ TYPE="KEYWORD2">\onecolumn</SEQ>
    <SEQ TYPE="KEYWORD2">\normalsize</SEQ>
    <SEQ TYPE="KEYWORD2">\normalmarginpar</SEQ>
    <SEQ TYPE="KEYWORD2">\normalfont</SEQ>
    <SEQ TYPE="KEYWORD1">\nopagebreak[</SEQ>
    <SEQ TYPE="KEYWORD2">\nopagebreak</SEQ>
    <SEQ TYPE="KEYWORD2">\nonfrenchspacing</SEQ>
    <SEQ TYPE="KEYWORD1">\nolinebreak[</SEQ>
    <SEQ TYPE="KEYWORD2">\nolinebreak</SEQ>
    <SEQ TYPE="KEYWORD2">\noindent</SEQ>
    <SEQ TYPE="KEYWORD1">\nocite{</SEQ>
    <SEQ TYPE="KEYWORD1">\newtheorem{</SEQ>
    <SEQ TYPE="KEYWORD1">\newsavebox{</SEQ>
    <SEQ TYPE="KEYWORD2">\newpage</SEQ>
    <SEQ TYPE="KEYWORD1">\newlength{</SEQ>
    <SEQ TYPE="KEYWORD1">\newenvironment{</SEQ>
    <SEQ TYPE="KEYWORD1">\newcounter{</SEQ>
    <SEQ TYPE="KEYWORD1">\newcommand{</SEQ>
    <SEQ TYPE="KEYWORD2">\medskip</SEQ>
    <SEQ TYPE="KEYWORD2">\mdseries</SEQ>
    <SEQ TYPE="KEYWORD1">\mbox{</SEQ>
    <SEQ TYPE="KEYWORD1">\mbox{</SEQ>
    <SEQ TYPE="KEYWORD3">\mathindent</SEQ>
    <SEQ TYPE="KEYWORD3">\mathindent</SEQ>
    <SEQ TYPE="KEYWORD1">\markright{</SEQ>
    <SEQ TYPE="KEYWORD1">\markboth{</SEQ>
    <SEQ TYPE="KEYWORD1">\marginpar{</SEQ>
    <SEQ TYPE="KEYWORD3">\marginparwidth</SEQ>
    <SEQ TYPE="KEYWORD3">\marginparsep</SEQ>
    <SEQ TYPE="KEYWORD3">\marginparpush</SEQ>
    <SEQ TYPE="KEYWORD1">\marginpar[</SEQ>
    <SEQ TYPE="KEYWORD2">\maketitle</SEQ>
    <SEQ TYPE="KEYWORD3">\makelabel</SEQ>
    <SEQ TYPE="KEYWORD2">\makeindex</SEQ>
    <SEQ TYPE="KEYWORD2">\makeglossary</SEQ>
    <SEQ TYPE="KEYWORD1">\makebox{</SEQ>
    <SEQ TYPE="KEYWORD1">\makebox[</SEQ>
    <SEQ TYPE="KEYWORD3">\listparindent</SEQ>
    <SEQ TYPE="KEYWORD2">\listoftables</SEQ>
    <SEQ TYPE="KEYWORD2">\listoffigures</SEQ>
    <SEQ TYPE="KEYWORD2">\listfiles</SEQ>
    <SEQ TYPE="KEYWORD3">\linewidth</SEQ>
    <SEQ TYPE="KEYWORD1">\linethickness{</SEQ>
    <SEQ TYPE="KEYWORD1">\linebreak[</SEQ>
    <SEQ TYPE="KEYWORD2">\linebreak</SEQ>
    <SEQ TYPE="KEYWORD1">\lengthtest{</SEQ>
    <SEQ TYPE="KEYWORD3">\leftmarginvi</SEQ>
    <SEQ TYPE="KEYWORD3">\leftmarginv</SEQ>
    <SEQ TYPE="KEYWORD3">\leftmarginiv</SEQ>
    <SEQ TYPE="KEYWORD3">\leftmarginiii</SEQ>
    <SEQ TYPE="KEYWORD3">\leftmarginii</SEQ>
    <SEQ TYPE="KEYWORD3">\leftmargini</SEQ>
    <SEQ TYPE="KEYWORD3">\leftmargin</SEQ>
    <SEQ TYPE="KEYWORD2">\large</SEQ>
    <SEQ TYPE="KEYWORD1">\label{</SEQ>
    <SEQ TYPE="KEYWORD3">\labelwidth</SEQ>
    <SEQ TYPE="KEYWORD3">\labelsep</SEQ>
    <SEQ TYPE="KEYWORD2">\kill</SEQ>
    <SEQ TYPE="KEYWORD3">\jot</SEQ>
    <SEQ TYPE="KEYWORD2">\itshape</SEQ>
    <SEQ TYPE="KEYWORD3">\itemsep</SEQ>
    <SEQ TYPE="KEYWORD3">\itemindent</SEQ>
    <SEQ TYPE="KEYWORD1">\item[</SEQ>
    <SEQ TYPE="KEYWORD2">\item</SEQ>
    <SEQ TYPE="KEYWORD1">\isodd{</SEQ>
    <SEQ TYPE="KEYWORD3">\intextsep</SEQ>
    <SEQ TYPE="KEYWORD1">\input{</SEQ>
    <SEQ TYPE="KEYWORD1">\index{</SEQ>
    <SEQ TYPE="KEYWORD2">\indent</SEQ>
    <SEQ TYPE="KEYWORD1">\include{</SEQ>
    <SEQ TYPE="KEYWORD1">\includeonly{</SEQ>
    <SEQ TYPE="KEYWORD1">\includegraphics{</SEQ>
    <SEQ TYPE="KEYWORD1">\includegraphics[</SEQ>
    <SEQ TYPE="KEYWORD1">\includegraphics*{</SEQ>
    <SEQ TYPE="KEYWORD1">\includegraphics*[</SEQ>
    <SEQ TYPE="KEYWORD1">\ifthenelse{</SEQ>
    <SEQ TYPE="KEYWORD1">\hyphenation{</SEQ>
    <SEQ TYPE="KEYWORD2">\huge</SEQ>
    <SEQ TYPE="KEYWORD1">\hspace{</SEQ>
    <SEQ TYPE="KEYWORD1">\hspace*{</SEQ>
    <SEQ TYPE="KEYWORD2">\hfill</SEQ>
    <SEQ TYPE="KEYWORD2">\height</SEQ>
    <SEQ TYPE="KEYWORD1">\glossary{</SEQ>
    <SEQ TYPE="KEYWORD2">\fussy</SEQ>
    <SEQ TYPE="KEYWORD2">\frenchspacing</SEQ>
    <SEQ TYPE="KEYWORD1">\framebox{</SEQ>
    <SEQ TYPE="KEYWORD1">\framebox[</SEQ>
    <SEQ TYPE="KEYWORD2">\fragile</SEQ>
    <SEQ TYPE="KEYWORD1">\footnote{</SEQ>
    <SEQ TYPE="KEYWORD1">\footnotetext{</SEQ>
    <SEQ TYPE="KEYWORD1">\footnotetext[</SEQ>
    <SEQ TYPE="KEYWORD2">\footnotesize</SEQ>
    <SEQ TYPE="KEYWORD3">\footnotesep</SEQ>
    <SEQ TYPE="KEYWORD3">\footnoterule</SEQ>
    <SEQ TYPE="KEYWORD1">\footnotemark[</SEQ>
    <SEQ TYPE="KEYWORD2">\footnotemark</SEQ>
    <SEQ TYPE="KEYWORD1">\footnote[</SEQ>
    <SEQ TYPE="KEYWORD1">\fnsymbol{</SEQ>
    <SEQ TYPE="KEYWORD3">\floatsep</SEQ>
    <SEQ TYPE="KEYWORD3">\floatpagefraction</SEQ>
    <SEQ TYPE="KEYWORD2">\fill</SEQ>
    <SEQ TYPE="KEYWORD1">\fcolorbox{</SEQ>
    <SEQ TYPE="KEYWORD1">\fbox{</SEQ>
    <SEQ TYPE="KEYWORD3">\fboxsep</SEQ>
    <SEQ TYPE="KEYWORD3">\fboxrule</SEQ>
    <SEQ TYPE="KEYWORD1">\equal{</SEQ>
    <SEQ TYPE="KEYWORD1">\ensuremath{</SEQ>
    <SEQ TYPE="KEYWORD1">\enlargethispage{</SEQ>
    <SEQ TYPE="KEYWORD1">\enlargethispage*{</SEQ>
    <SEQ TYPE="KEYWORD1">\end{</SEQ>
    <SEQ TYPE="KEYWORD1">\emph{</SEQ>
    <SEQ TYPE="KEYWORD1">\d{</SEQ>
    <SEQ TYPE="KEYWORD3">\doublerulesep</SEQ>
    <SEQ TYPE="KEYWORD1">\documentclass{</SEQ>
    <SEQ TYPE="KEYWORD1">\documentclass[</SEQ>
    <SEQ TYPE="KEYWORD2">\depth</SEQ>
    <SEQ TYPE="KEYWORD1">\definecolor{</SEQ>
    <SEQ TYPE="KEYWORD2">\ddag</SEQ>
    <SEQ TYPE="KEYWORD3">\dbltopfraction</SEQ>
    <SEQ TYPE="KEYWORD3">\dbltextfloatsep</SEQ>
    <SEQ TYPE="KEYWORD3">\dblfloatsep</SEQ>
    <SEQ TYPE="KEYWORD3">\dblfloatpagefraction</SEQ>
    <SEQ TYPE="KEYWORD1">\date{</SEQ>
    <SEQ TYPE="KEYWORD2">\dag</SEQ>
    <SEQ TYPE="KEYWORD2">\d</SEQ>
    <SEQ TYPE="KEYWORD1">\c{</SEQ>
    <SEQ TYPE="KEYWORD2">\copyright</SEQ>
    <SEQ TYPE="KEYWORD3">\columnwidth</SEQ>
    <SEQ TYPE="KEYWORD3">\columnseprule</SEQ>
    <SEQ TYPE="KEYWORD3">\columnsep</SEQ>
    <SEQ TYPE="KEYWORD1">\color{</SEQ>
    <SEQ TYPE="KEYWORD1">\colorbox{</SEQ>
    <SEQ TYPE="KEYWORD2">\clearpage</SEQ>
    <SEQ TYPE="KEYWORD2">\cleardoublepage</SEQ>
    <SEQ TYPE="KEYWORD1">\cite{</SEQ>
    <SEQ TYPE="KEYWORD1">\cite[</SEQ>
    <SEQ TYPE="KEYWORD1">\chapter{</SEQ>
    <SEQ TYPE="KEYWORD1">\chapter[</SEQ>
    <SEQ TYPE="KEYWORD1">\chapter*{</SEQ>
    <SEQ TYPE="KEYWORD2">\centering</SEQ>
    <SEQ TYPE="KEYWORD1">\caption{</SEQ>
    <SEQ TYPE="KEYWORD1">\caption[</SEQ>
    <SEQ TYPE="KEYWORD2">\c</SEQ>
    <SEQ TYPE="KEYWORD1">\b{</SEQ>
    <SEQ TYPE="KEYWORD3">\bottomnumber</SEQ>
    <SEQ TYPE="KEYWORD3">\bottomfraction</SEQ>
    <SEQ TYPE="KEYWORD1">\boolean{</SEQ>
    <SEQ TYPE="KEYWORD1">\boldmath{</SEQ>
    <SEQ TYPE="KEYWORD2">\bigskip</SEQ>
    <SEQ TYPE="KEYWORD1">\bibliography{</SEQ>
    <SEQ TYPE="KEYWORD1">\bibliographystyle{</SEQ>
    <SEQ TYPE="KEYWORD3">\bibindent</SEQ>
    <SEQ TYPE="KEYWORD2">\bfseries</SEQ>
    <SEQ TYPE="KEYWORD3">\belowdisplayskip</SEQ>
    <SEQ TYPE="KEYWORD3">\belowdisplayshortskip</SEQ>
    <SEQ TYPE="KEYWORD1">\begin{</SEQ>
    <SEQ TYPE="KEYWORD3">\baselinestretch</SEQ>
    <SEQ TYPE="KEYWORD3">\baselineskip</SEQ>
    <SEQ TYPE="KEYWORD2">\b</SEQ>
    <SEQ TYPE="KEYWORD1">\author{</SEQ>
    <SEQ TYPE="KEYWORD3">\arraystgretch</SEQ>
    <SEQ TYPE="KEYWORD3">\arrayrulewidth</SEQ>
    <SEQ TYPE="KEYWORD3">\arraycolsep</SEQ>
    <SEQ TYPE="KEYWORD1">\arabic{</SEQ>
    <SEQ TYPE="KEYWORD2">\appendix</SEQ>
    <SEQ TYPE="KEYWORD1">\alph{</SEQ>
    <SEQ TYPE="KEYWORD1">\addvspace{</SEQ>
    <SEQ TYPE="KEYWORD1">\addtolength{</SEQ>
    <SEQ TYPE="KEYWORD1">\addtocounter{</SEQ>
    <SEQ TYPE="KEYWORD1">\addtocontents{</SEQ>
    <SEQ TYPE="KEYWORD1">\addcontentsline{</SEQ>
    <SEQ TYPE="KEYWORD3">\abovedisplayskip</SEQ>
    <SEQ TYPE="KEYWORD3">\abovedisplayshortskip</SEQ>
    <SEQ TYPE="KEYWORD2">\a`</SEQ>
    <SEQ TYPE="KEYWORD2">\a=</SEQ>
    <SEQ TYPE="KEYWORD2">\a'</SEQ>
    <SEQ TYPE="KEYWORD1">\`{</SEQ>
    <SEQ TYPE="OPERATOR">\`</SEQ>
    <SEQ TYPE="OPERATOR">\`</SEQ>
    <SEQ TYPE="OPERATOR">\_</SEQ>
    <SEQ TYPE="KEYWORD1">\^{</SEQ>
    <SEQ TYPE="OPERATOR">\^</SEQ>
    <SEQ TYPE="KEYWORD1">\\[</SEQ>
    <SEQ TYPE="KEYWORD1">\\*[</SEQ>
    <SEQ TYPE="OPERATOR">\\*</SEQ>
    <SEQ TYPE="OPERATOR">\\</SEQ>
    <SEQ TYPE="OPERATOR">\\</SEQ>
    <SEQ TYPE="KEYWORD2">\TeX</SEQ>
    <SEQ TYPE="KEYWORD2">\S</SEQ>
    <SEQ TYPE="KEYWORD1">\Roman{</SEQ>
    <SEQ TYPE="KEYWORD2">\P</SEQ>
    <SEQ TYPE="KEYWORD2">\Large</SEQ>
    <SEQ TYPE="KEYWORD2">\LaTeX</SEQ>
    <SEQ TYPE="KEYWORD2">\LARGE</SEQ>
    <SEQ TYPE="KEYWORD1">\H{</SEQ>
    <SEQ TYPE="KEYWORD2">\Huge</SEQ>
    <SEQ TYPE="KEYWORD2">\H</SEQ>
    <SEQ TYPE="KEYWORD1">\Alph{</SEQ>
    <SEQ TYPE="OPERATOR">\@</SEQ>
    <SEQ TYPE="KEYWORD1">\={</SEQ>
    <SEQ TYPE="OPERATOR">\=</SEQ>
    <SEQ TYPE="OPERATOR">\=</SEQ>
    <SEQ TYPE="KEYWORD1">\.{</SEQ>
    <SEQ TYPE="OPERATOR">\.</SEQ>
    <SEQ TYPE="OPERATOR">\-</SEQ>
    <SEQ TYPE="OPERATOR">\-</SEQ>
    <SEQ TYPE="OPERATOR">\,</SEQ>
    <SEQ TYPE="OPERATOR">\+</SEQ>
    <SEQ TYPE="KEYWORD1">\'{</SEQ>
    <SEQ TYPE="OPERATOR">\'</SEQ>
    <SEQ TYPE="OPERATOR">\'</SEQ>
    <SEQ TYPE="OPERATOR">\&lt;</SEQ>
    <SEQ TYPE="OPERATOR">\&gt;</SEQ>
    <SEQ TYPE="OPERATOR">\&amp;</SEQ>
    <SEQ TYPE="OPERATOR">\%</SEQ>
    <SEQ TYPE="OPERATOR">\$</SEQ>
    <SEQ TYPE="OPERATOR">\#</SEQ>
    <SEQ TYPE="KEYWORD1">\"{</SEQ>
    <SEQ TYPE="OPERATOR">\"</SEQ>
    <SEQ TYPE="OPERATOR">\ </SEQ>
    <SEQ TYPE="KEYWORD1">[</SEQ>
    <SEQ TYPE="OPERATOR">---</SEQ>
    <SEQ TYPE="OPERATOR">--</SEQ>
    <SEQ TYPE="OPERATOR">-</SEQ>

    <MARK_FOLLOWING TYPE="KEYWORD4">\</MARK_FOLLOWING>

  </RULES>  <!--  TabbingMode  -->

  <RULES IGNORE_CASE="FALSE" SET="PictureMode">
    <SEQ TYPE="LABEL">__PictureMode__</SEQ>

    <!--  % comments.  -->
    <EOL_SPAN TYPE="COMMENT1">%</EOL_SPAN>
    <SEQ TYPE="KEYWORD2">\vector(</SEQ>
    <SEQ TYPE="KEYWORD2">\thinlines</SEQ>
    <SEQ TYPE="KEYWORD2">\thicklines</SEQ>
    <SEQ TYPE="KEYWORD1">\shortstack{</SEQ>
    <SEQ TYPE="KEYWORD1">\shortstack[</SEQ>
    <SEQ TYPE="KEYWORD1">\savebox{</SEQ>
    <SEQ TYPE="KEYWORD1">\qbezier[</SEQ>
    <SEQ TYPE="KEYWORD2">\qbezier(</SEQ>
    <SEQ TYPE="KEYWORD2">\put(</SEQ>
    <SEQ TYPE="KEYWORD1">\oval[</SEQ>
    <SEQ TYPE="KEYWORD2">\oval(</SEQ>
    <SEQ TYPE="KEYWORD2">\multiput(</SEQ>
    <SEQ TYPE="KEYWORD2">\makebox(</SEQ>
    <SEQ TYPE="KEYWORD1">\linethickness{</SEQ>
    <SEQ TYPE="KEYWORD2">\line(</SEQ>
    <SEQ TYPE="KEYWORD1">\graphpaper[</SEQ>
    <SEQ TYPE="KEYWORD2">\graphpaper(</SEQ>
    <SEQ TYPE="KEYWORD1">\frame{</SEQ>
    <SEQ TYPE="KEYWORD2">\framebox(</SEQ>
    <SEQ TYPE="KEYWORD1">\dashbox{</SEQ>
    <SEQ TYPE="KEYWORD1">\circle{</SEQ>
    <SEQ TYPE="KEYWORD1">\circle*{</SEQ>

    <MARK_FOLLOWING TYPE="KEYWORD4">\</MARK_FOLLOWING>

  </RULES>  <!--  PictureMode  -->

  <RULES SET="VERBATIM" DEFAULT="NULL" />

</MODE>

<!-- normal mode  351 -->
<!-- math mode    301 -->
<!-- amsmath      216 -->
<!-- array mode   5 -->
<!-- tabbing mode 14 -->
<!-- picture mode 22 -->
<!-- counters     0 -->
<!-- environments 30 -->
<!-- invalid      47 -->
