<?xml version="1.0"?>

<!DOCTYPE MODE SYSTEM "xmode.dtd">

<!--
Nullsoft Scriptable Installation System mode by Ryan Grove (ryan@wonko.com)
Last modified: 07/08/2003

This file should be accurate as of the latest CVS version of NSIS 2.x on the
date above. If I've left something out, please let me know.
-->

<MODE>
        <PROPS>
                <PROPERTY NAME="lineComment" VALUE=";" />
				<PROPERTY NAME="indentNextLine" VALUE="\s*(.*:|(function\s+.*)|(section\s+.*)|(subsection\s+.*))" />
        </PROPS>

        <RULES IGNORE_CASE="TRUE" ESCAPE="$\" HIGHLIGHT_DIGITS="TRUE" DEFAULT="NULL">
                <EOL_SPAN TYPE="COMMENT1">;</EOL_SPAN>
                <EOL_SPAN TYPE="COMMENT2">#</EOL_SPAN>

                <MARK_FOLLOWING TYPE="KEYWORD3">$</MARK_FOLLOWING>
				<MARK_PREVIOUS TYPE="FUNCTION" EXCLUDE_MATCH="TRUE">::</MARK_PREVIOUS>
                <MARK_PREVIOUS TYPE="LABEL" EXCLUDE_MATCH="TRUE">:</MARK_PREVIOUS>

                <SPAN TYPE="LITERAL1" DELEGATE="NSIS_LITERAL">
                        <BEGIN>"</BEGIN>
                        <END>"</END>
                </SPAN>

                <SPAN TYPE="LITERAL1" DELEGATE="NSIS_LITERAL">
                        <BEGIN>'</BEGIN>
                        <END>'</END>
                </SPAN>

                <SPAN TYPE="LITERAL1" DELEGATE="NSIS_LITERAL">
                        <BEGIN>`</BEGIN>
                        <END>`</END>
                </SPAN>
				
                <KEYWORDS>
						<!-- Deprecated stuff -->
						<INVALID>dim</INVALID>
						<INVALID>uninstallexename</INVALID>
						
						<!-- Global variables -->
                        <KEYWORD3>$0</KEYWORD3>
                        <KEYWORD3>$1</KEYWORD3>
                        <KEYWORD3>$2</KEYWORD3>
                        <KEYWORD3>$3</KEYWORD3>
                        <KEYWORD3>$4</KEYWORD3>
                        <KEYWORD3>$5</KEYWORD3>
                        <KEYWORD3>$6</KEYWORD3>
                        <KEYWORD3>$7</KEYWORD3>
                        <KEYWORD3>$8</KEYWORD3>
                        <KEYWORD3>$9</KEYWORD3>
                        <KEYWORD3>$INSTDIR</KEYWORD3>
                        <KEYWORD3>$OUTDIR</KEYWORD3>
                        <KEYWORD3>$CMDLINE</KEYWORD3>
                        <KEYWORD3>$LANGUAGE</KEYWORD3>

                        <!-- Local variables -->
                        <KEYWORD3>$R0</KEYWORD3>
                        <KEYWORD3>$R1</KEYWORD3>
                        <KEYWORD3>$R2</KEYWORD3>
                        <KEYWORD3>$R3</KEYWORD3>
                        <KEYWORD3>$R4</KEYWORD3>
                        <KEYWORD3>$R5</KEYWORD3>
                        <KEYWORD3>$R6</KEYWORD3>
                        <KEYWORD3>$R7</KEYWORD3>
                        <KEYWORD3>$R8</KEYWORD3>
                        <KEYWORD3>$R9</KEYWORD3>

                        <!-- Constants -->
						<LITERAL3>ARCHIVE</LITERAL3>
						<LITERAL3>CENTER</LITERAL3>
						<LITERAL3>CONTROL</LITERAL3>
						<LITERAL3>CUR</LITERAL3>
						<LITERAL3>EXT</LITERAL3>
						<LITERAL3>F1</LITERAL3>
						<LITERAL3>F2</LITERAL3>
						<LITERAL3>F3</LITERAL3>
						<LITERAL3>F4</LITERAL3>
						<LITERAL3>F5</LITERAL3>
						<LITERAL3>F6</LITERAL3>
						<LITERAL3>F7</LITERAL3>
						<LITERAL3>F8</LITERAL3>
						<LITERAL3>F9</LITERAL3>
						<LITERAL3>F10</LITERAL3>
						<LITERAL3>F11</LITERAL3>
						<LITERAL3>F12</LITERAL3>
						<LITERAL3>F13</LITERAL3>
						<LITERAL3>F14</LITERAL3>
						<LITERAL3>F15</LITERAL3>
						<LITERAL3>F16</LITERAL3>
						<LITERAL3>F17</LITERAL3>
						<LITERAL3>F18</LITERAL3>
						<LITERAL3>F19</LITERAL3>
						<LITERAL3>F20</LITERAL3>
						<LITERAL3>F21</LITERAL3>
						<LITERAL3>F22</LITERAL3>
						<LITERAL3>F23</LITERAL3>
						<LITERAL3>F24</LITERAL3>
						<LITERAL3>FILE_ATTRIBUTE_ARCHIVE</LITERAL3>
						<LITERAL3>MB_ABORTRETRYIGNORE</LITERAL3>
						<LITERAL3>RIGHT</LITERAL3>
						<LITERAL3>RO</LITERAL3>
						<LITERAL3>SET</LITERAL3>
						<LITERAL3>SHIFT</LITERAL3>
						<LITERAL3>SW_SHOWMAXIMIZED</LITERAL3>
						<LITERAL3>SW_SHOWMINIMIZED</LITERAL3>
						<LITERAL3>SW_SHOWNORMAL</LITERAL3>
						<LITERAL3>a</LITERAL3>
						<LITERAL3>all</LITERAL3>
						<LITERAL3>alwaysoff</LITERAL3>
						<LITERAL3>auto</LITERAL3>
						<LITERAL3>both</LITERAL3>
						<LITERAL3>bottom</LITERAL3>
						<LITERAL3>bzip2</LITERAL3>
						<LITERAL3>checkbox</LITERAL3>
						<LITERAL3>colored</LITERAL3>
						<LITERAL3>components</LITERAL3>
						<LITERAL3>current</LITERAL3>
						<LITERAL3>custom</LITERAL3>
						<LITERAL3>directory</LITERAL3>
						<LITERAL3>false</LITERAL3>
						<LITERAL3>force</LITERAL3>
						<LITERAL3>hide</LITERAL3>
						<LITERAL3>ifnewer</LITERAL3>
						<LITERAL3>instfiles</LITERAL3>
						<LITERAL3>license</LITERAL3>
						<LITERAL3>listonly</LITERAL3>
						<LITERAL3>manual</LITERAL3>
						<LITERAL3>nevershow</LITERAL3>
						<LITERAL3>none</LITERAL3>
						<LITERAL3>off</LITERAL3>
						<LITERAL3>on</LITERAL3>
						<LITERAL3>r</LITERAL3>
						<LITERAL3>radiobuttons</LITERAL3>
						<LITERAL3>show</LITERAL3>
						<LITERAL3>silent</LITERAL3>
						<LITERAL3>silentlog</LITERAL3>
						<LITERAL3>smooth</LITERAL3>
						<LITERAL3>textonly</LITERAL3>
						<LITERAL3>top</LITERAL3>
						<LITERAL3>true</LITERAL3>
						<LITERAL3>try</LITERAL3>
						<LITERAL3>uninstConfirm</LITERAL3>
						<LITERAL3>w</LITERAL3>
						<LITERAL3>zlib</LITERAL3>
                        <LITERAL3>$$</LITERAL3>
                        <LITERAL3>$DESKTOP</LITERAL3>
                        <LITERAL3>$EXEDIR</LITERAL3>
                        <LITERAL3>$HWNDPARENT</LITERAL3>
                        <LITERAL3>$PLUGINSDIR</LITERAL3>
                        <LITERAL3>$PROGRAMFILES</LITERAL3>
                        <LITERAL3>$QUICKLAUNCH</LITERAL3>
                        <LITERAL3>$SMPROGRAMS</LITERAL3>
                        <LITERAL3>$SMSTARTUP</LITERAL3>
                        <LITERAL3>$STARTMENU</LITERAL3>
                        <LITERAL3>$SYSDIR</LITERAL3>
                        <LITERAL3>$TEMP</LITERAL3>
                        <LITERAL3>$WINDIR</LITERAL3>
                        <LITERAL3>$\n</LITERAL3>
                        <LITERAL3>$\r</LITERAL3>
                        <LITERAL3>${NSISDIR}</LITERAL3>
                        <LITERAL3>ALT</LITERAL3>
                        <LITERAL3>END</LITERAL3>
                        <LITERAL3>FILE_ATTRIBUTE_HIDDEN</LITERAL3>
                        <LITERAL3>FILE_ATTRIBUTE_NORMAL</LITERAL3>
                        <LITERAL3>FILE_ATTRIBUTE_OFFLINE</LITERAL3>
                        <LITERAL3>FILE_ATTRIBUTE_READONLY</LITERAL3>
                        <LITERAL3>FILE_ATTRIBUTE_SYSTEM</LITERAL3>
                        <LITERAL3>FILE_ATTRIBUTE_TEMPORARY</LITERAL3>
                        <LITERAL3>HIDDEN</LITERAL3>
                        <LITERAL3>HKCC</LITERAL3>
                        <LITERAL3>HKCR</LITERAL3>
                        <LITERAL3>HKCU</LITERAL3>
                        <LITERAL3>HKDD</LITERAL3>
                        <LITERAL3>HKLM</LITERAL3>
                        <LITERAL3>HKPD</LITERAL3>
                        <LITERAL3>HKU</LITERAL3>
                        <LITERAL3>IDABORT</LITERAL3>
                        <LITERAL3>IDCANCEL</LITERAL3>
                        <LITERAL3>IDIGNORE</LITERAL3>
                        <LITERAL3>IDNO</LITERAL3>
                        <LITERAL3>IDOK</LITERAL3>
                        <LITERAL3>IDRETRY</LITERAL3>
                        <LITERAL3>IDYES</LITERAL3>
                        <LITERAL3>LEFT</LITERAL3>
                        <LITERAL3>MB_DEFBUTTON1</LITERAL3>
                        <LITERAL3>MB_DEFBUTTON2</LITERAL3>
                        <LITERAL3>MB_DEFBUTTON3</LITERAL3>
                        <LITERAL3>MB_DEFBUTTON4</LITERAL3>
                        <LITERAL3>MB_ICONEXCLAMATION</LITERAL3>
                        <LITERAL3>MB_ICONINFORMATION</LITERAL3>
                        <LITERAL3>MB_ICONQUESTION</LITERAL3>
                        <LITERAL3>MB_ICONSTOP</LITERAL3>
                        <LITERAL3>MB_OK</LITERAL3>
                        <LITERAL3>MB_OKCANCEL</LITERAL3>
                        <LITERAL3>MB_RETRYCANCEL</LITERAL3>
                        <LITERAL3>MB_RIGHT</LITERAL3>
                        <LITERAL3>MB_SETFOREGROUND</LITERAL3>
                        <LITERAL3>MB_TOPMOST</LITERAL3>
                        <LITERAL3>MB_YESNO</LITERAL3>
                        <LITERAL3>MB_YESNOCANCEL</LITERAL3>
                        <LITERAL3>NORMAL</LITERAL3>
                        <LITERAL3>OFFLINE</LITERAL3>
                        <LITERAL3>READONLY</LITERAL3>
                        <LITERAL3>SYSTEM</LITERAL3>
                        <LITERAL3>TEMPORARY</LITERAL3>

                        <!-- Command flags -->
						<KEYWORD4>/0</KEYWORD4>
						<KEYWORD4>/COMPONENTSONLYONCUSTOM</KEYWORD4>
						<KEYWORD4>/CUSTOMSTRING</KEYWORD4>
						<KEYWORD4>/FILESONLY</KEYWORD4>
						<KEYWORD4>/IMGID</KEYWORD4>
						<KEYWORD4>/ITALIC</KEYWORD4>
						<KEYWORD4>/LANG</KEYWORD4>
						<KEYWORD4>/NOCUSTOM</KEYWORD4>
						<KEYWORD4>/NOUNLOAD</KEYWORD4>
						<KEYWORD4>/REBOOTOK</KEYWORD4>
						<KEYWORD4>/RESIZETOFIT</KEYWORD4>
						<KEYWORD4>/RTL</KEYWORD4>
						<KEYWORD4>/SHORT</KEYWORD4>
						<KEYWORD4>/SILENT</KEYWORD4>
						<KEYWORD4>/STRIKE</KEYWORD4>
						<KEYWORD4>/TIMEOUT</KEYWORD4>
						<KEYWORD4>/TRIM</KEYWORD4>
						<KEYWORD4>/UNDERLINE</KEYWORD4>
						<KEYWORD4>/a</KEYWORD4>
						<KEYWORD4>/e</KEYWORD4>
						<KEYWORD4>/ifempty</KEYWORD4>
						<KEYWORD4>/nonfatal</KEYWORD4>
						<KEYWORD4>/oname</KEYWORD4>
						<KEYWORD4>/r</KEYWORD4>
						<KEYWORD4>/windows</KEYWORD4>
						
						<!-- Compiler utility commands -->
                        <KEYWORD2>!addincludedir</KEYWORD2>
						<KEYWORD2>!addplugindir</KEYWORD2>
						<KEYWORD2>!define</KEYWORD2>
                        <KEYWORD2>!include</KEYWORD2>
                        <KEYWORD2>!cd</KEYWORD2>
                        <KEYWORD2>!echo</KEYWORD2>
                        <KEYWORD2>!error</KEYWORD2>
						<KEYWORD2>!insertmacro</KEYWORD2>
                        <KEYWORD2>!packhdr</KEYWORD2>
                        <KEYWORD2>!system</KEYWORD2>
                        <KEYWORD2>!warning</KEYWORD2>
						<KEYWORD2>!undef</KEYWORD2>
                        <KEYWORD2>!verbose</KEYWORD2>

                        <!-- Conditional compilation -->
                        <KEYWORD1>!ifdef</KEYWORD1>
                        <KEYWORD1>!ifndef</KEYWORD1>
                        <KEYWORD1>!else</KEYWORD1>
                        <KEYWORD1>!endif</KEYWORD1>
                        <KEYWORD1>!macro</KEYWORD1>
                        <KEYWORD1>!macroend</KEYWORD1>

                        <!-- Keywords -->
                        <KEYWORD1>function</KEYWORD1>
                        <KEYWORD1>functionend</KEYWORD1>
                        <KEYWORD1>section</KEYWORD1>
                        <KEYWORD1>sectionend</KEYWORD1>
                        <KEYWORD1>subsection</KEYWORD1>
                        <KEYWORD1>subsectionend</KEYWORD1>

                        <!-- Instructions -->
                        <KEYWORD2>addbrandingimage</KEYWORD2>
                        <KEYWORD2>addsize</KEYWORD2>
                        <KEYWORD2>allowrootdirinstall</KEYWORD2>
						<KEYWORD2>allowskipfiles</KEYWORD2>
                        <KEYWORD2>autoclosewindow</KEYWORD2>
                        <KEYWORD2>bggradient</KEYWORD2>
                        <KEYWORD2>brandingtext</KEYWORD2>
                        <KEYWORD2>bringtofront</KEYWORD2>
                        <KEYWORD2>callinstdll</KEYWORD2>
                        <KEYWORD2>caption</KEYWORD2>
                        <KEYWORD2>changeui</KEYWORD2>
                        <KEYWORD2>checkbitmap</KEYWORD2>
                        <KEYWORD2>completedtext</KEYWORD2>
                        <KEYWORD2>componenttext</KEYWORD2>
                        <KEYWORD2>copyfiles</KEYWORD2>
                        <KEYWORD2>crccheck</KEYWORD2>
                        <KEYWORD2>createdirectory</KEYWORD2>
                        <KEYWORD2>createfont</KEYWORD2>
                        <KEYWORD2>createshortcut</KEYWORD2>
                        <KEYWORD2>delete</KEYWORD2>
                        <KEYWORD2>deleteinisec</KEYWORD2>
                        <KEYWORD2>deleteinistr</KEYWORD2>
                        <KEYWORD2>deleteregkey</KEYWORD2>
                        <KEYWORD2>deleteregvalue</KEYWORD2>
                        <KEYWORD2>detailprint</KEYWORD2>
                        <KEYWORD2>detailsbuttontext</KEYWORD2>
                        <KEYWORD2>dirshow</KEYWORD2>
                        <KEYWORD2>dirtext</KEYWORD2>
                        <KEYWORD2>enumregkey</KEYWORD2>
                        <KEYWORD2>enumregvalue</KEYWORD2>
                        <KEYWORD2>exch</KEYWORD2>
                        <KEYWORD2>exec</KEYWORD2>
                        <KEYWORD2>execshell</KEYWORD2>
                        <KEYWORD2>execwait</KEYWORD2>
                        <KEYWORD2>expandenvstrings</KEYWORD2>
                        <KEYWORD2>file</KEYWORD2>
                        <KEYWORD2>fileclose</KEYWORD2>
                        <KEYWORD2>fileerrortext</KEYWORD2>
                        <KEYWORD2>fileopen</KEYWORD2>
                        <KEYWORD2>fileread</KEYWORD2>
                        <KEYWORD2>filereadbyte</KEYWORD2>
                        <KEYWORD2>fileseek</KEYWORD2>
                        <KEYWORD2>filewrite</KEYWORD2>
                        <KEYWORD2>filewritebyte</KEYWORD2>
                        <KEYWORD2>findclose</KEYWORD2>
                        <KEYWORD2>findfirst</KEYWORD2>
                        <KEYWORD2>findnext</KEYWORD2>
                        <KEYWORD2>findwindow</KEYWORD2>
						<KEYWORD2>flushini</KEYWORD2>
						<KEYWORD2>getcurinsttype</KEYWORD2>
                        <KEYWORD2>getcurrentaddress</KEYWORD2>
                        <KEYWORD2>getdlgitem</KEYWORD2>
                        <KEYWORD2>getdllversion</KEYWORD2>
                        <KEYWORD2>getdllversionlocal</KEYWORD2>
                        <KEYWORD2>getfiletime</KEYWORD2>
                        <KEYWORD2>getfiletimelocal</KEYWORD2>
                        <KEYWORD2>getfullpathname</KEYWORD2>
                        <KEYWORD2>getfunctionaddress</KEYWORD2>
                        <KEYWORD2>getlabeladdress</KEYWORD2>
                        <KEYWORD2>gettempfilename</KEYWORD2>
						<KEYWORD2>getwindowtext</KEYWORD2>
                        <KEYWORD2>hidewindow</KEYWORD2>
                        <KEYWORD2>icon</KEYWORD2>
                        <KEYWORD2>initpluginsdir</KEYWORD2>
                        <KEYWORD2>installbuttontext</KEYWORD2>
                        <KEYWORD2>installcolors</KEYWORD2>
                        <KEYWORD2>installdir</KEYWORD2>
                        <KEYWORD2>installdirregkey</KEYWORD2>
                        <KEYWORD2>instprogressflags</KEYWORD2>
                        <KEYWORD2>insttype</KEYWORD2>
						<KEYWORD2>insttypegettext</KEYWORD2>
						<KEYWORD2>insttypesettext</KEYWORD2>
                        <KEYWORD2>intfmt</KEYWORD2>
                        <KEYWORD2>intop</KEYWORD2>
                        <KEYWORD2>langstring</KEYWORD2>
                        <KEYWORD2>langstringup</KEYWORD2>
                        <KEYWORD2>licensebkcolor</KEYWORD2>
                        <KEYWORD2>licensedata</KEYWORD2>
						<KEYWORD2>licenseforceselection</KEYWORD2>
                        <KEYWORD2>licensetext</KEYWORD2>
                        <KEYWORD2>loadlanguagefile</KEYWORD2>
                        <KEYWORD2>loadlanguagefile</KEYWORD2>
                        <KEYWORD2>logset</KEYWORD2>
                        <KEYWORD2>logtext</KEYWORD2>
                        <KEYWORD2>miscbuttontext</KEYWORD2>
                        <KEYWORD2>name</KEYWORD2>
						<KEYWORD2>nop</KEYWORD2>
                        <KEYWORD2>outfile</KEYWORD2>
                        <KEYWORD2>page</KEYWORD2>
                        <KEYWORD2>plugindir</KEYWORD2>
                        <KEYWORD2>pop</KEYWORD2>
                        <KEYWORD2>push</KEYWORD2>
                        <KEYWORD2>readenvstr</KEYWORD2>
                        <KEYWORD2>readinistr</KEYWORD2>
                        <KEYWORD2>readregdword</KEYWORD2>
                        <KEYWORD2>readregstr</KEYWORD2>
                        <KEYWORD2>regdll</KEYWORD2>
                        <KEYWORD2>rename</KEYWORD2>
                        <KEYWORD2>reservefile</KEYWORD2>
                        <KEYWORD2>rmdir</KEYWORD2>
                        <KEYWORD2>searchpath</KEYWORD2>
                        <KEYWORD2>sectiongetflags</KEYWORD2>
						<KEYWORD2>sectiongetinsttypes</KEYWORD2>
                        <KEYWORD2>sectiongetsize</KEYWORD2>
						<KEYWORD2>sectiongettext</KEYWORD2>
                        <KEYWORD2>sectionin</KEYWORD2>
                        <KEYWORD2>sectionsetflags</KEYWORD2>
						<KEYWORD2>sectionsetinsttypes</KEYWORD2>
						<KEYWORD2>sectionsetsize</KEYWORD2>
                        <KEYWORD2>sectionsettext</KEYWORD2>
                        <KEYWORD2>sendmessage</KEYWORD2>
                        <KEYWORD2>setautoclose</KEYWORD2>
                        <KEYWORD2>setbkcolor</KEYWORD2>
						<KEYWORD2>setbrandingimage</KEYWORD2>
                        <KEYWORD2>setcompress</KEYWORD2>
                        <KEYWORD2>setcompressor</KEYWORD2>
						<KEYWORD2>setcurinsttype</KEYWORD2>
                        <KEYWORD2>setdatablockoptimize</KEYWORD2>
                        <KEYWORD2>setdatesave</KEYWORD2>
                        <KEYWORD2>setdetailsprint</KEYWORD2>
                        <KEYWORD2>setdetailsview</KEYWORD2>
                        <KEYWORD2>setfileattributes</KEYWORD2>
                        <KEYWORD2>setfont</KEYWORD2>
                        <KEYWORD2>setoutpath</KEYWORD2>
                        <KEYWORD2>setoverwrite</KEYWORD2>
                        <KEYWORD2>setpluginunload</KEYWORD2>
                        <KEYWORD2>setrebootflag</KEYWORD2>
                        <KEYWORD2>setshellvarcontext</KEYWORD2>
                        <KEYWORD2>setstaticbkcolor</KEYWORD2>
                        <KEYWORD2>setwindowlong</KEYWORD2>
                        <KEYWORD2>showinstdetails</KEYWORD2>
                        <KEYWORD2>showuninstdetails</KEYWORD2>
                        <KEYWORD2>showwindow</KEYWORD2>
                        <KEYWORD2>silentinstall</KEYWORD2>
                        <KEYWORD2>silentuninstall</KEYWORD2>
                        <KEYWORD2>sleep</KEYWORD2>
                        <KEYWORD2>spacetexts</KEYWORD2>
                        <KEYWORD2>strcpy</KEYWORD2>
                        <KEYWORD2>strlen</KEYWORD2>
                        <KEYWORD2>subcaption</KEYWORD2>
                        <KEYWORD2>uninstallbuttontext</KEYWORD2>
                        <KEYWORD2>uninstallcaption</KEYWORD2>
                        <KEYWORD2>uninstallicon</KEYWORD2>
                        <KEYWORD2>uninstallsubcaption</KEYWORD2>
                        <KEYWORD2>uninstalltext</KEYWORD2>
                        <KEYWORD2>uninstpage</KEYWORD2>
                        <KEYWORD2>unregdll</KEYWORD2>
						<KEYWORD2>var</KEYWORD2>
						<KEYWORD2>viaddversionkey</KEYWORD2>
						<KEYWORD2>videscription</KEYWORD2>
						<KEYWORD2>vicompanyname</KEYWORD2>
						<KEYWORD2>vicomments</KEYWORD2>
						<KEYWORD2>vilegalcopyrights</KEYWORD2>
						<KEYWORD2>vilegaltrademarks</KEYWORD2>
						<KEYWORD2>viproductname</KEYWORD2>
						<KEYWORD2>viproductversion</KEYWORD2>
                        <KEYWORD2>windowicon</KEYWORD2>
                        <KEYWORD2>writeinistr</KEYWORD2>
                        <KEYWORD2>writeregbin</KEYWORD2>
                        <KEYWORD2>writeregdword</KEYWORD2>
                        <KEYWORD2>writeregexpandstr</KEYWORD2>
                        <KEYWORD2>writeregstr</KEYWORD2>
                        <KEYWORD2>writeuninstaller</KEYWORD2>
                        <KEYWORD2>xpstyle</KEYWORD2>

                        <!-- Flow control instructions -->
                        <KEYWORD1>abort</KEYWORD1>
                        <KEYWORD1>call</KEYWORD1>
                        <KEYWORD1>clearerrors</KEYWORD1>
                        <KEYWORD1>goto</KEYWORD1>
                        <KEYWORD1>ifabort</KEYWORD1>
						<KEYWORD1>iferrors</KEYWORD1>
                        <KEYWORD1>iffileexists</KEYWORD1>
                        <KEYWORD1>ifrebootflag</KEYWORD1>
                        <KEYWORD1>intcmp</KEYWORD1>
                        <KEYWORD1>intcmpu</KEYWORD1>
						<KEYWORD1>iswindow</KEYWORD1>
                        <KEYWORD1>messagebox</KEYWORD1>
                        <KEYWORD1>reboot</KEYWORD1>
						<KEYWORD1>return</KEYWORD1>
                        <KEYWORD1>quit</KEYWORD1>
                        <KEYWORD1>seterrors</KEYWORD1>
                        <KEYWORD1>strcmp</KEYWORD1>

                        <!-- Callback functions -->
                        <KEYWORD3>.onguiinit</KEYWORD3>
                        <KEYWORD3>.oninit</KEYWORD3>
                        <KEYWORD3>.oninstfailed</KEYWORD3>
                        <KEYWORD3>.oninstsuccess</KEYWORD3>
                        <KEYWORD3>.onmouseoversection</KEYWORD3>
                        <KEYWORD3>.onselchange</KEYWORD3>
                        <KEYWORD3>.onuserabort</KEYWORD3>
                        <KEYWORD3>.onverifyinstdir</KEYWORD3>
                        <KEYWORD3>un.onguiinit</KEYWORD3>
                        <KEYWORD3>un.oninit</KEYWORD3>
                        <KEYWORD3>un.onuninstfailed</KEYWORD3>
                        <KEYWORD3>un.onuninstsuccess</KEYWORD3>
                        <KEYWORD3>un.onuserabort</KEYWORD3>
                </KEYWORDS>
        </RULES>
		
		<RULES SET="NSIS_LITERAL" ESCAPE="$\" DEFAULT="LITERAL1" NO_WORD_SEP="-{}_">
		        <MARK_FOLLOWING TYPE="KEYWORD3">$</MARK_FOLLOWING>
		</RULES>
</MODE>
